County,Nomes de medida,7-Day Range End Date,7-Day Range Start Date,Dashboard Update Date,Most Recent Test Date,Valores de medida
ADAIR,Population,15/02/2021,09/02/2021,18/02/2021,17/02/2021,25.343
ADAIR,Confirmed Cases,15/02/2021,09/02/2021,18/02/2021,17/02/2021,2.050
ADAIR,Confirmed Deaths,15/02/2021,09/02/2021,18/02/2021,17/02/2021,16
ADAIR,PCR Tests,15/02/2021,09/02/2021,18/02/2021,17/02/2021,16.460
ADAIR,7-Day Confirmed Cases,15/02/2021,09/02/2021,18/02/2021,17/02/2021,17
ADAIR,7-Day Confirmed Deaths,15/02/2021,09/02/2021,18/02/2021,17/02/2021,0
ADAIR,7-Day PCR Tests,15/02/2021,09/02/2021,18/02/2021,17/02/2021,166
ADAIR,7-Day PCR Positivity Rate,15/02/2021,09/02/2021,18/02/2021,17/02/2021,"11,445783133"
ADAIR,7-Day-Cases per 100k,15/02/2021,09/02/2021,18/02/2021,17/02/2021,"67,079666969"
ANDREW,Population,15/02/2021,09/02/2021,18/02/2021,17/02/2021,17.712
ANDREW,Confirmed Cases,15/02/2021,09/02/2021,18/02/2021,17/02/2021,1.278
ANDREW,Confirmed Deaths,15/02/2021,09/02/2021,18/02/2021,17/02/2021,17
ANDREW,PCR Tests,15/02/2021,09/02/2021,18/02/2021,17/02/2021,10.563
ANDREW,7-Day Confirmed Cases,15/02/2021,09/02/2021,18/02/2021,17/02/2021,9
ANDREW,7-Day Confirmed Deaths,15/02/2021,09/02/2021,18/02/2021,17/02/2021,0
ANDREW,7-Day PCR Tests,15/02/2021,09/02/2021,18/02/2021,17/02/2021,126
ANDREW,7-Day PCR Positivity Rate,15/02/2021,09/02/2021,18/02/2021,17/02/2021,"7,142857143"
ANDREW,7-Day-Cases per 100k,15/02/2021,09/02/2021,18/02/2021,17/02/2021,"50,813008130"
ATCHISON,Population,15/02/2021,09/02/2021,18/02/2021,17/02/2021,5.143
ATCHISON,Confirmed Cases,15/02/2021,09/02/2021,18/02/2021,17/02/2021,290
ATCHISON,Confirmed Deaths,15/02/2021,09/02/2021,18/02/2021,17/02/2021,6
ATCHISON,PCR Tests,15/02/2021,09/02/2021,18/02/2021,17/02/2021,2.297
ATCHISON,7-Day Confirmed Cases,15/02/2021,09/02/2021,18/02/2021,17/02/2021,0
ATCHISON,7-Day Confirmed Deaths,15/02/2021,09/02/2021,18/02/2021,17/02/2021,0
ATCHISON,7-Day PCR Tests,15/02/2021,09/02/2021,18/02/2021,17/02/2021,7
ATCHISON,7-Day PCR Positivity Rate,15/02/2021,09/02/2021,18/02/2021,17/02/2021,
ATCHISON,7-Day-Cases per 100k,15/02/2021,09/02/2021,18/02/2021,17/02/2021,0
AUDRAIN,Population,15/02/2021,09/02/2021,18/02/2021,17/02/2021,25.388
AUDRAIN,Confirmed Cases,15/02/2021,09/02/2021,18/02/2021,17/02/2021,2.063
AUDRAIN,Confirmed Deaths,15/02/2021,09/02/2021,18/02/2021,17/02/2021,57
AUDRAIN,PCR Tests,15/02/2021,09/02/2021,18/02/2021,17/02/2021,23.139
AUDRAIN,7-Day Confirmed Cases,15/02/2021,09/02/2021,18/02/2021,17/02/2021,8
AUDRAIN,7-Day Confirmed Deaths,15/02/2021,09/02/2021,18/02/2021,17/02/2021,0
AUDRAIN,7-Day PCR Tests,15/02/2021,09/02/2021,18/02/2021,17/02/2021,129
AUDRAIN,7-Day PCR Positivity Rate,15/02/2021,09/02/2021,18/02/2021,17/02/2021,"6,201550388"
AUDRAIN,7-Day-Cases per 100k,15/02/2021,09/02/2021,18/02/2021,17/02/2021,"31,510950055"
BARRY,Population,15/02/2021,09/02/2021,18/02/2021,17/02/2021,35.789
BARRY,Confirmed Cases,15/02/2021,09/02/2021,18/02/2021,17/02/2021,2.167
BARRY,Confirmed Deaths,15/02/2021,09/02/2021,18/02/2021,17/02/2021,44
BARRY,PCR Tests,15/02/2021,09/02/2021,18/02/2021,17/02/2021,17.859
BARRY,7-Day Confirmed Cases,15/02/2021,09/02/2021,18/02/2021,17/02/2021,9
BARRY,7-Day Confirmed Deaths,15/02/2021,09/02/2021,18/02/2021,17/02/2021,0
BARRY,7-Day PCR Tests,15/02/2021,09/02/2021,18/02/2021,17/02/2021,192
BARRY,7-Day PCR Positivity Rate,15/02/2021,09/02/2021,18/02/2021,17/02/2021,"5,729166667"
BARRY,7-Day-Cases per 100k,15/02/2021,09/02/2021,18/02/2021,17/02/2021,"25,147391657"
BARTON,Population,15/02/2021,09/02/2021,18/02/2021,17/02/2021,11.754
BARTON,Confirmed Cases,15/02/2021,09/02/2021,18/02/2021,17/02/2021,950
BARTON,Confirmed Deaths,15/02/2021,09/02/2021,18/02/2021,17/02/2021,12
BARTON,PCR Tests,15/02/2021,09/02/2021,18/02/2021,17/02/2021,6.119
BARTON,7-Day Confirmed Cases,15/02/2021,09/02/2021,18/02/2021,17/02/2021,10
BARTON,7-Day Confirmed Deaths,15/02/2021,09/02/2021,18/02/2021,17/02/2021,0
BARTON,7-Day PCR Tests,15/02/2021,09/02/2021,18/02/2021,17/02/2021,77
BARTON,7-Day PCR Positivity Rate,15/02/2021,09/02/2021,18/02/2021,17/02/2021,"14,285714286"
BARTON,7-Day-Cases per 100k,15/02/2021,09/02/2021,18/02/2021,17/02/2021,"85,077420453"
BATES,Population,15/02/2021,09/02/2021,18/02/2021,17/02/2021,16.172
BATES,Confirmed Cases,15/02/2021,09/02/2021,18/02/2021,17/02/2021,1.068
BATES,Confirmed Deaths,15/02/2021,09/02/2021,18/02/2021,17/02/2021,22
BATES,PCR Tests,15/02/2021,09/02/2021,18/02/2021,17/02/2021,8.021
BATES,7-Day Confirmed Cases,15/02/2021,09/02/2021,18/02/2021,17/02/2021,9
BATES,7-Day Confirmed Deaths,15/02/2021,09/02/2021,18/02/2021,17/02/2021,0
BATES,7-Day PCR Tests,15/02/2021,09/02/2021,18/02/2021,17/02/2021,90
BATES,7-Day PCR Positivity Rate,15/02/2021,09/02/2021,18/02/2021,17/02/2021,"13,333333333"
BATES,7-Day-Cases per 100k,15/02/2021,09/02/2021,18/02/2021,17/02/2021,"55,651743755"
BENTON,Population,15/02/2021,09/02/2021,18/02/2021,17/02/2021,19.443
BENTON,Confirmed Cases,15/02/2021,09/02/2021,18/02/2021,17/02/2021,1.440
BENTON,Confirmed Deaths,15/02/2021,09/02/2021,18/02/2021,17/02/2021,25
BENTON,PCR Tests,15/02/2021,09/02/2021,18/02/2021,17/02/2021,13.820
BENTON,7-Day Confirmed Cases,15/02/2021,09/02/2021,18/02/2021,17/02/2021,18
BENTON,7-Day Confirmed Deaths,15/02/2021,09/02/2021,18/02/2021,17/02/2021,0
BENTON,7-Day PCR Tests,15/02/2021,09/02/2021,18/02/2021,17/02/2021,157
BENTON,7-Day PCR Positivity Rate,15/02/2021,09/02/2021,18/02/2021,17/02/2021,"17,834394904"
BENTON,7-Day-Cases per 100k,15/02/2021,09/02/2021,18/02/2021,17/02/2021,"92,578305817"
BOLLINGER,Population,15/02/2021,09/02/2021,18/02/2021,17/02/2021,12.133
BOLLINGER,Confirmed Cases,15/02/2021,09/02/2021,18/02/2021,17/02/2021,1.051
BOLLINGER,Confirmed Deaths,15/02/2021,09/02/2021,18/02/2021,17/02/2021,12
BOLLINGER,PCR Tests,15/02/2021,09/02/2021,18/02/2021,17/02/2021,6.589
BOLLINGER,7-Day Confirmed Cases,15/02/2021,09/02/2021,18/02/2021,17/02/2021,2
BOLLINGER,7-Day Confirmed Deaths,15/02/2021,09/02/2021,18/02/2021,17/02/2021,0
BOLLINGER,7-Day PCR Tests,15/02/2021,09/02/2021,18/02/2021,17/02/2021,13
BOLLINGER,7-Day PCR Positivity Rate,15/02/2021,09/02/2021,18/02/2021,17/02/2021,"23,076923077"
BOLLINGER,7-Day-Cases per 100k,15/02/2021,09/02/2021,18/02/2021,17/02/2021,"16,483969340"
BOONE,Population,15/02/2021,09/02/2021,18/02/2021,17/02/2021,180.463
BOONE,Confirmed Cases,15/02/2021,09/02/2021,18/02/2021,17/02/2021,15.763
BOONE,Confirmed Deaths,15/02/2021,09/02/2021,18/02/2021,17/02/2021,77
BOONE,PCR Tests,15/02/2021,09/02/2021,18/02/2021,17/02/2021,174.618
BOONE,7-Day Confirmed Cases,15/02/2021,09/02/2021,18/02/2021,17/02/2021,101
BOONE,7-Day Confirmed Deaths,15/02/2021,09/02/2021,18/02/2021,17/02/2021,0
BOONE,7-Day PCR Tests,15/02/2021,09/02/2021,18/02/2021,17/02/2021,2.439
BOONE,7-Day PCR Positivity Rate,15/02/2021,09/02/2021,18/02/2021,17/02/2021,"4,551045510"
BOONE,7-Day-Cases per 100k,15/02/2021,09/02/2021,18/02/2021,17/02/2021,"55,967151161"
BUCHANAN,Population,15/02/2021,09/02/2021,18/02/2021,17/02/2021,87.364
BUCHANAN,Confirmed Cases,15/02/2021,09/02/2021,18/02/2021,17/02/2021,6.904
BUCHANAN,Confirmed Deaths,15/02/2021,09/02/2021,18/02/2021,17/02/2021,127
BUCHANAN,PCR Tests,15/02/2021,09/02/2021,18/02/2021,17/02/2021,70.909
BUCHANAN,7-Day Confirmed Cases,15/02/2021,09/02/2021,18/02/2021,17/02/2021,25
BUCHANAN,7-Day Confirmed Deaths,15/02/2021,09/02/2021,18/02/2021,17/02/2021,1
BUCHANAN,7-Day PCR Tests,15/02/2021,09/02/2021,18/02/2021,17/02/2021,881
BUCHANAN,7-Day PCR Positivity Rate,15/02/2021,09/02/2021,18/02/2021,17/02/2021,"2,951191827"
BUCHANAN,7-Day-Cases per 100k,15/02/2021,09/02/2021,18/02/2021,17/02/2021,"28,615905865"
BUTLER,Population,15/02/2021,09/02/2021,18/02/2021,17/02/2021,42.478
BUTLER,Confirmed Cases,15/02/2021,09/02/2021,18/02/2021,17/02/2021,3.399
BUTLER,Confirmed Deaths,15/02/2021,09/02/2021,18/02/2021,17/02/2021,33
BUTLER,PCR Tests,15/02/2021,09/02/2021,18/02/2021,17/02/2021,33.360
BUTLER,7-Day Confirmed Cases,15/02/2021,09/02/2021,18/02/2021,17/02/2021,28
BUTLER,7-Day Confirmed Deaths,15/02/2021,09/02/2021,18/02/2021,17/02/2021,0
BUTLER,7-Day PCR Tests,15/02/2021,09/02/2021,18/02/2021,17/02/2021,269
BUTLER,7-Day PCR Positivity Rate,15/02/2021,09/02/2021,18/02/2021,17/02/2021,"11,524163569"
BUTLER,7-Day-Cases per 100k,15/02/2021,09/02/2021,18/02/2021,17/02/2021,"65,916474410"
CALDWELL,Population,15/02/2021,09/02/2021,18/02/2021,17/02/2021,9.020
CALDWELL,Confirmed Cases,15/02/2021,09/02/2021,18/02/2021,17/02/2021,634
CALDWELL,Confirmed Deaths,15/02/2021,09/02/2021,18/02/2021,17/02/2021,10
CALDWELL,PCR Tests,15/02/2021,09/02/2021,18/02/2021,17/02/2021,5.084
CALDWELL,7-Day Confirmed Cases,15/02/2021,09/02/2021,18/02/2021,17/02/2021,3
CALDWELL,7-Day Confirmed Deaths,15/02/2021,09/02/2021,18/02/2021,17/02/2021,0
CALDWELL,7-Day PCR Tests,15/02/2021,09/02/2021,18/02/2021,17/02/2021,80
CALDWELL,7-Day PCR Positivity Rate,15/02/2021,09/02/2021,18/02/2021,17/02/2021,5
CALDWELL,7-Day-Cases per 100k,15/02/2021,09/02/2021,18/02/2021,17/02/2021,"33,259423503"
CALLAWAY,Population,15/02/2021,09/02/2021,18/02/2021,17/02/2021,44.743
CALLAWAY,Confirmed Cases,15/02/2021,09/02/2021,18/02/2021,17/02/2021,4.448
CALLAWAY,Confirmed Deaths,15/02/2021,09/02/2021,18/02/2021,17/02/2021,43
CALLAWAY,PCR Tests,15/02/2021,09/02/2021,18/02/2021,17/02/2021,43.543
CALLAWAY,7-Day Confirmed Cases,15/02/2021,09/02/2021,18/02/2021,17/02/2021,26
CALLAWAY,7-Day Confirmed Deaths,15/02/2021,09/02/2021,18/02/2021,17/02/2021,0
CALLAWAY,7-Day PCR Tests,15/02/2021,09/02/2021,18/02/2021,17/02/2021,459
CALLAWAY,7-Day PCR Positivity Rate,15/02/2021,09/02/2021,18/02/2021,17/02/2021,"5,882352941"
CALLAWAY,7-Day-Cases per 100k,15/02/2021,09/02/2021,18/02/2021,17/02/2021,"58,109648437"
CAMDEN,Population,15/02/2021,09/02/2021,18/02/2021,17/02/2021,46.305
CAMDEN,Confirmed Cases,15/02/2021,09/02/2021,18/02/2021,17/02/2021,3.693
CAMDEN,Confirmed Deaths,15/02/2021,09/02/2021,18/02/2021,17/02/2021,80
CAMDEN,PCR Tests,15/02/2021,09/02/2021,18/02/2021,17/02/2021,23.469
CAMDEN,7-Day Confirmed Cases,15/02/2021,09/02/2021,18/02/2021,17/02/2021,14
CAMDEN,7-Day Confirmed Deaths,15/02/2021,09/02/2021,18/02/2021,17/02/2021,0
CAMDEN,7-Day PCR Tests,15/02/2021,09/02/2021,18/02/2021,17/02/2021,226
CAMDEN,7-Day PCR Positivity Rate,15/02/2021,09/02/2021,18/02/2021,17/02/2021,"6,194690265"
CAMDEN,7-Day-Cases per 100k,15/02/2021,09/02/2021,18/02/2021,17/02/2021,"30,234315949"
CAPE GIRARDEAU,Population,15/02/2021,09/02/2021,18/02/2021,17/02/2021,78.871
CAPE GIRARDEAU,Confirmed Cases,15/02/2021,09/02/2021,18/02/2021,17/02/2021,7.473
CAPE GIRARDEAU,Confirmed Deaths,15/02/2021,09/02/2021,18/02/2021,17/02/2021,119
CAPE GIRARDEAU,PCR Tests,15/02/2021,09/02/2021,18/02/2021,17/02/2021,61.163
CAPE GIRARDEAU,7-Day Confirmed Cases,15/02/2021,09/02/2021,18/02/2021,17/02/2021,45
CAPE GIRARDEAU,7-Day Confirmed Deaths,15/02/2021,09/02/2021,18/02/2021,17/02/2021,0
CAPE GIRARDEAU,7-Day PCR Tests,15/02/2021,09/02/2021,18/02/2021,17/02/2021,298
CAPE GIRARDEAU,7-Day PCR Positivity Rate,15/02/2021,09/02/2021,18/02/2021,17/02/2021,"20,134228188"
CAPE GIRARDEAU,7-Day-Cases per 100k,15/02/2021,09/02/2021,18/02/2021,17/02/2021,"57,055191388"
CARROLL,Population,15/02/2021,09/02/2021,18/02/2021,17/02/2021,8.679
CARROLL,Confirmed Cases,15/02/2021,09/02/2021,18/02/2021,17/02/2021,832
CARROLL,Confirmed Deaths,15/02/2021,09/02/2021,18/02/2021,17/02/2021,22
CARROLL,PCR Tests,15/02/2021,09/02/2021,18/02/2021,17/02/2021,5.688
CARROLL,7-Day Confirmed Cases,15/02/2021,09/02/2021,18/02/2021,17/02/2021,8
CARROLL,7-Day Confirmed Deaths,15/02/2021,09/02/2021,18/02/2021,17/02/2021,0
CARROLL,7-Day PCR Tests,15/02/2021,09/02/2021,18/02/2021,17/02/2021,58
CARROLL,7-Day PCR Positivity Rate,15/02/2021,09/02/2021,18/02/2021,17/02/2021,"17,241379310"
CARROLL,7-Day-Cases per 100k,15/02/2021,09/02/2021,18/02/2021,17/02/2021,"92,176518032"
CARTER,Population,15/02/2021,09/02/2021,18/02/2021,17/02/2021,5.982
CARTER,Confirmed Cases,15/02/2021,09/02/2021,18/02/2021,17/02/2021,418
CARTER,Confirmed Deaths,15/02/2021,09/02/2021,18/02/2021,17/02/2021,8
CARTER,PCR Tests,15/02/2021,09/02/2021,18/02/2021,17/02/2021,2.583
CARTER,7-Day Confirmed Cases,15/02/2021,09/02/2021,18/02/2021,17/02/2021,1
CARTER,7-Day Confirmed Deaths,15/02/2021,09/02/2021,18/02/2021,17/02/2021,0
CARTER,7-Day PCR Tests,15/02/2021,09/02/2021,18/02/2021,17/02/2021,24
CARTER,7-Day PCR Positivity Rate,15/02/2021,09/02/2021,18/02/2021,17/02/2021,"4,166666667"
CARTER,7-Day-Cases per 100k,15/02/2021,09/02/2021,18/02/2021,17/02/2021,"16,716817118"
CASS,Population,15/02/2021,09/02/2021,18/02/2021,17/02/2021,105.780
CASS,Confirmed Cases,15/02/2021,09/02/2021,18/02/2021,17/02/2021,7.144
CASS,Confirmed Deaths,15/02/2021,09/02/2021,18/02/2021,17/02/2021,84
CASS,PCR Tests,15/02/2021,09/02/2021,18/02/2021,17/02/2021,76.329
CASS,7-Day Confirmed Cases,15/02/2021,09/02/2021,18/02/2021,17/02/2021,70
CASS,7-Day Confirmed Deaths,15/02/2021,09/02/2021,18/02/2021,17/02/2021,1
CASS,7-Day PCR Tests,15/02/2021,09/02/2021,18/02/2021,17/02/2021,1.381
CASS,7-Day PCR Positivity Rate,15/02/2021,09/02/2021,18/02/2021,17/02/2021,"6,299782766"
CASS,7-Day-Cases per 100k,15/02/2021,09/02/2021,18/02/2021,17/02/2021,"66,175080355"
CEDAR,Population,15/02/2021,09/02/2021,18/02/2021,17/02/2021,14.349
CEDAR,Confirmed Cases,15/02/2021,09/02/2021,18/02/2021,17/02/2021,663
CEDAR,Confirmed Deaths,15/02/2021,09/02/2021,18/02/2021,17/02/2021,17
CEDAR,PCR Tests,15/02/2021,09/02/2021,18/02/2021,17/02/2021,10.339
CEDAR,7-Day Confirmed Cases,15/02/2021,09/02/2021,18/02/2021,17/02/2021,0
CEDAR,7-Day Confirmed Deaths,15/02/2021,09/02/2021,18/02/2021,17/02/2021,1
CEDAR,7-Day PCR Tests,15/02/2021,09/02/2021,18/02/2021,17/02/2021,108
CEDAR,7-Day PCR Positivity Rate,15/02/2021,09/02/2021,18/02/2021,17/02/2021,"0,925925926"
CEDAR,7-Day-Cases per 100k,15/02/2021,09/02/2021,18/02/2021,17/02/2021,0
CHARITON,Population,15/02/2021,09/02/2021,18/02/2021,17/02/2021,7.426
CHARITON,Confirmed Cases,15/02/2021,09/02/2021,18/02/2021,17/02/2021,414
CHARITON,Confirmed Deaths,15/02/2021,09/02/2021,18/02/2021,17/02/2021,6
CHARITON,PCR Tests,15/02/2021,09/02/2021,18/02/2021,17/02/2021,3.674
CHARITON,7-Day Confirmed Cases,15/02/2021,09/02/2021,18/02/2021,17/02/2021,4
CHARITON,7-Day Confirmed Deaths,15/02/2021,09/02/2021,18/02/2021,17/02/2021,0
CHARITON,7-Day PCR Tests,15/02/2021,09/02/2021,18/02/2021,17/02/2021,37
CHARITON,7-Day PCR Positivity Rate,15/02/2021,09/02/2021,18/02/2021,17/02/2021,"10,810810811"
CHARITON,7-Day-Cases per 100k,15/02/2021,09/02/2021,18/02/2021,17/02/2021,"53,864799354"
CHRISTIAN,Population,15/02/2021,09/02/2021,18/02/2021,17/02/2021,88.595
CHRISTIAN,Confirmed Cases,15/02/2021,09/02/2021,18/02/2021,17/02/2021,6.801
CHRISTIAN,Confirmed Deaths,15/02/2021,09/02/2021,18/02/2021,17/02/2021,75
CHRISTIAN,PCR Tests,15/02/2021,09/02/2021,18/02/2021,17/02/2021,50.244
CHRISTIAN,7-Day Confirmed Cases,15/02/2021,09/02/2021,18/02/2021,17/02/2021,40
CHRISTIAN,7-Day Confirmed Deaths,15/02/2021,09/02/2021,18/02/2021,17/02/2021,0
CHRISTIAN,7-Day PCR Tests,15/02/2021,09/02/2021,18/02/2021,17/02/2021,723
CHRISTIAN,7-Day PCR Positivity Rate,15/02/2021,09/02/2021,18/02/2021,17/02/2021,"5,809128631"
CHRISTIAN,7-Day-Cases per 100k,15/02/2021,09/02/2021,18/02/2021,17/02/2021,"45,149274790"
CLARK,Population,15/02/2021,09/02/2021,18/02/2021,17/02/2021,6.797
CLARK,Confirmed Cases,15/02/2021,09/02/2021,18/02/2021,17/02/2021,467
CLARK,Confirmed Deaths,15/02/2021,09/02/2021,18/02/2021,17/02/2021,6
CLARK,PCR Tests,15/02/2021,09/02/2021,18/02/2021,17/02/2021,2.585
CLARK,7-Day Confirmed Cases,15/02/2021,09/02/2021,18/02/2021,17/02/2021,5
CLARK,7-Day Confirmed Deaths,15/02/2021,09/02/2021,18/02/2021,17/02/2021,0
CLARK,7-Day PCR Tests,15/02/2021,09/02/2021,18/02/2021,17/02/2021,33
CLARK,7-Day PCR Positivity Rate,15/02/2021,09/02/2021,18/02/2021,17/02/2021,"15,151515152"
CLARK,7-Day-Cases per 100k,15/02/2021,09/02/2021,18/02/2021,17/02/2021,"73,561865529"
CLAY,Population,15/02/2021,09/02/2021,18/02/2021,17/02/2021,121.317
CLAY,Confirmed Cases,15/02/2021,09/02/2021,18/02/2021,17/02/2021,7.766
CLAY,Confirmed Deaths,15/02/2021,09/02/2021,18/02/2021,17/02/2021,140
CLAY,PCR Tests,15/02/2021,09/02/2021,18/02/2021,17/02/2021,68.896
CLAY,7-Day Confirmed Cases,15/02/2021,09/02/2021,18/02/2021,17/02/2021,57
CLAY,7-Day Confirmed Deaths,15/02/2021,09/02/2021,18/02/2021,17/02/2021,0
CLAY,7-Day PCR Tests,15/02/2021,09/02/2021,18/02/2021,17/02/2021,1.087
CLAY,7-Day PCR Positivity Rate,15/02/2021,09/02/2021,18/02/2021,17/02/2021,"6,163753450"
CLAY,7-Day-Cases per 100k,15/02/2021,09/02/2021,18/02/2021,17/02/2021,"46,984346794"
CLINTON,Population,15/02/2021,09/02/2021,18/02/2021,17/02/2021,20.387
CLINTON,Confirmed Cases,15/02/2021,09/02/2021,18/02/2021,17/02/2021,1.515
CLINTON,Confirmed Deaths,15/02/2021,09/02/2021,18/02/2021,17/02/2021,63
CLINTON,PCR Tests,15/02/2021,09/02/2021,18/02/2021,17/02/2021,23.383
CLINTON,7-Day Confirmed Cases,15/02/2021,09/02/2021,18/02/2021,17/02/2021,12
CLINTON,7-Day Confirmed Deaths,15/02/2021,09/02/2021,18/02/2021,17/02/2021,0
CLINTON,7-Day PCR Tests,15/02/2021,09/02/2021,18/02/2021,17/02/2021,259
CLINTON,7-Day PCR Positivity Rate,15/02/2021,09/02/2021,18/02/2021,17/02/2021,"5,019305019"
CLINTON,7-Day-Cases per 100k,15/02/2021,09/02/2021,18/02/2021,17/02/2021,"58,861038897"
COLE,Population,15/02/2021,09/02/2021,18/02/2021,17/02/2021,76.745
COLE,Confirmed Cases,15/02/2021,09/02/2021,18/02/2021,17/02/2021,8.543
COLE,Confirmed Deaths,15/02/2021,09/02/2021,18/02/2021,17/02/2021,114
COLE,PCR Tests,15/02/2021,09/02/2021,18/02/2021,17/02/2021,73.519
COLE,7-Day Confirmed Cases,15/02/2021,09/02/2021,18/02/2021,17/02/2021,33
COLE,7-Day Confirmed Deaths,15/02/2021,09/02/2021,18/02/2021,17/02/2021,0
COLE,7-Day PCR Tests,15/02/2021,09/02/2021,18/02/2021,17/02/2021,626
COLE,7-Day PCR Positivity Rate,15/02/2021,09/02/2021,18/02/2021,17/02/2021,"6,070287540"
COLE,7-Day-Cases per 100k,15/02/2021,09/02/2021,18/02/2021,17/02/2021,"42,999543944"
COOPER,Population,15/02/2021,09/02/2021,18/02/2021,17/02/2021,17.709
COOPER,Confirmed Cases,15/02/2021,09/02/2021,18/02/2021,17/02/2021,1.682
COOPER,Confirmed Deaths,15/02/2021,09/02/2021,18/02/2021,17/02/2021,24
COOPER,PCR Tests,15/02/2021,09/02/2021,18/02/2021,17/02/2021,12.803
COOPER,7-Day Confirmed Cases,15/02/2021,09/02/2021,18/02/2021,17/02/2021,8
COOPER,7-Day Confirmed Deaths,15/02/2021,09/02/2021,18/02/2021,17/02/2021,0
COOPER,7-Day PCR Tests,15/02/2021,09/02/2021,18/02/2021,17/02/2021,135
COOPER,7-Day PCR Positivity Rate,15/02/2021,09/02/2021,18/02/2021,17/02/2021,"6,666666667"
COOPER,7-Day-Cases per 100k,15/02/2021,09/02/2021,18/02/2021,17/02/2021,"45,174769891"
CRAWFORD,Population,15/02/2021,09/02/2021,18/02/2021,17/02/2021,23.920
CRAWFORD,Confirmed Cases,15/02/2021,09/02/2021,18/02/2021,17/02/2021,2.032
CRAWFORD,Confirmed Deaths,15/02/2021,09/02/2021,18/02/2021,17/02/2021,29
CRAWFORD,PCR Tests,15/02/2021,09/02/2021,18/02/2021,17/02/2021,14.771
CRAWFORD,7-Day Confirmed Cases,15/02/2021,09/02/2021,18/02/2021,17/02/2021,13
CRAWFORD,7-Day Confirmed Deaths,15/02/2021,09/02/2021,18/02/2021,17/02/2021,0
CRAWFORD,7-Day PCR Tests,15/02/2021,09/02/2021,18/02/2021,17/02/2021,171
CRAWFORD,7-Day PCR Positivity Rate,15/02/2021,09/02/2021,18/02/2021,17/02/2021,"7,602339181"
CRAWFORD,7-Day-Cases per 100k,15/02/2021,09/02/2021,18/02/2021,17/02/2021,"54,347826087"
DADE,Population,15/02/2021,09/02/2021,18/02/2021,17/02/2021,7.561
DADE,Confirmed Cases,15/02/2021,09/02/2021,18/02/2021,17/02/2021,416
DADE,Confirmed Deaths,15/02/2021,09/02/2021,18/02/2021,17/02/2021,13
DADE,PCR Tests,15/02/2021,09/02/2021,18/02/2021,17/02/2021,4.755
DADE,7-Day Confirmed Cases,15/02/2021,09/02/2021,18/02/2021,17/02/2021,1
DADE,7-Day Confirmed Deaths,15/02/2021,09/02/2021,18/02/2021,17/02/2021,0
DADE,7-Day PCR Tests,15/02/2021,09/02/2021,18/02/2021,17/02/2021,44
DADE,7-Day PCR Positivity Rate,15/02/2021,09/02/2021,18/02/2021,17/02/2021,"4,545454545"
DADE,7-Day-Cases per 100k,15/02/2021,09/02/2021,18/02/2021,17/02/2021,"13,225763788"
DALLAS,Population,15/02/2021,09/02/2021,18/02/2021,17/02/2021,16.878
DALLAS,Confirmed Cases,15/02/2021,09/02/2021,18/02/2021,17/02/2021,817
DALLAS,Confirmed Deaths,15/02/2021,09/02/2021,18/02/2021,17/02/2021,22
DALLAS,PCR Tests,15/02/2021,09/02/2021,18/02/2021,17/02/2021,10.935
DALLAS,7-Day Confirmed Cases,15/02/2021,09/02/2021,18/02/2021,17/02/2021,8
DALLAS,7-Day Confirmed Deaths,15/02/2021,09/02/2021,18/02/2021,17/02/2021,0
DALLAS,7-Day PCR Tests,15/02/2021,09/02/2021,18/02/2021,17/02/2021,94
DALLAS,7-Day PCR Positivity Rate,15/02/2021,09/02/2021,18/02/2021,17/02/2021,"9,574468085"
DALLAS,7-Day-Cases per 100k,15/02/2021,09/02/2021,18/02/2021,17/02/2021,"47,398980922"
DAVIESS,Population,15/02/2021,09/02/2021,18/02/2021,17/02/2021,8.278
DAVIESS,Confirmed Cases,15/02/2021,09/02/2021,18/02/2021,17/02/2021,585
DAVIESS,Confirmed Deaths,15/02/2021,09/02/2021,18/02/2021,17/02/2021,11
DAVIESS,PCR Tests,15/02/2021,09/02/2021,18/02/2021,17/02/2021,5.180
DAVIESS,7-Day Confirmed Cases,15/02/2021,09/02/2021,18/02/2021,17/02/2021,4
DAVIESS,7-Day Confirmed Deaths,15/02/2021,09/02/2021,18/02/2021,17/02/2021,0
DAVIESS,7-Day PCR Tests,15/02/2021,09/02/2021,18/02/2021,17/02/2021,81
DAVIESS,7-Day PCR Positivity Rate,15/02/2021,09/02/2021,18/02/2021,17/02/2021,"4,938271605"
DAVIESS,7-Day-Cases per 100k,15/02/2021,09/02/2021,18/02/2021,17/02/2021,"48,320850447"
DEKALB,Population,15/02/2021,09/02/2021,18/02/2021,17/02/2021,12.547
DEKALB,Confirmed Cases,15/02/2021,09/02/2021,18/02/2021,17/02/2021,915
DEKALB,Confirmed Deaths,15/02/2021,09/02/2021,18/02/2021,17/02/2021,26
DEKALB,PCR Tests,15/02/2021,09/02/2021,18/02/2021,17/02/2021,6.634
DEKALB,7-Day Confirmed Cases,15/02/2021,09/02/2021,18/02/2021,17/02/2021,4
DEKALB,7-Day Confirmed Deaths,15/02/2021,09/02/2021,18/02/2021,17/02/2021,0
DEKALB,7-Day PCR Tests,15/02/2021,09/02/2021,18/02/2021,17/02/2021,122
DEKALB,7-Day PCR Positivity Rate,15/02/2021,09/02/2021,18/02/2021,17/02/2021,"3,278688525"
DEKALB,7-Day-Cases per 100k,15/02/2021,09/02/2021,18/02/2021,17/02/2021,"31,880130709"
DENT,Population,15/02/2021,09/02/2021,18/02/2021,17/02/2021,15.573
DENT,Confirmed Cases,15/02/2021,09/02/2021,18/02/2021,17/02/2021,815
DENT,Confirmed Deaths,15/02/2021,09/02/2021,18/02/2021,17/02/2021,16
DENT,PCR Tests,15/02/2021,09/02/2021,18/02/2021,17/02/2021,8.608
DENT,7-Day Confirmed Cases,15/02/2021,09/02/2021,18/02/2021,17/02/2021,1
DENT,7-Day Confirmed Deaths,15/02/2021,09/02/2021,18/02/2021,17/02/2021,0
DENT,7-Day PCR Tests,15/02/2021,09/02/2021,18/02/2021,17/02/2021,83
DENT,7-Day PCR Positivity Rate,15/02/2021,09/02/2021,18/02/2021,17/02/2021,"1,204819277"
DENT,7-Day-Cases per 100k,15/02/2021,09/02/2021,18/02/2021,17/02/2021,"6,421370320"
DOUGLAS,Population,15/02/2021,09/02/2021,18/02/2021,17/02/2021,13.185
DOUGLAS,Confirmed Cases,15/02/2021,09/02/2021,18/02/2021,17/02/2021,765
DOUGLAS,Confirmed Deaths,15/02/2021,09/02/2021,18/02/2021,17/02/2021,23
DOUGLAS,PCR Tests,15/02/2021,09/02/2021,18/02/2021,17/02/2021,5.330
DOUGLAS,7-Day Confirmed Cases,15/02/2021,09/02/2021,18/02/2021,17/02/2021,5
DOUGLAS,7-Day Confirmed Deaths,15/02/2021,09/02/2021,18/02/2021,17/02/2021,0
DOUGLAS,7-Day PCR Tests,15/02/2021,09/02/2021,18/02/2021,17/02/2021,62
DOUGLAS,7-Day PCR Positivity Rate,15/02/2021,09/02/2021,18/02/2021,17/02/2021,"8,064516129"
DOUGLAS,7-Day-Cases per 100k,15/02/2021,09/02/2021,18/02/2021,17/02/2021,"37,921880925"
DUNKLIN,Population,15/02/2021,09/02/2021,18/02/2021,17/02/2021,29.131
DUNKLIN,Confirmed Cases,15/02/2021,09/02/2021,18/02/2021,17/02/2021,2.400
DUNKLIN,Confirmed Deaths,15/02/2021,09/02/2021,18/02/2021,17/02/2021,17
DUNKLIN,PCR Tests,15/02/2021,09/02/2021,18/02/2021,17/02/2021,20.194
DUNKLIN,7-Day Confirmed Cases,15/02/2021,09/02/2021,18/02/2021,17/02/2021,7
DUNKLIN,7-Day Confirmed Deaths,15/02/2021,09/02/2021,18/02/2021,17/02/2021,0
DUNKLIN,7-Day PCR Tests,15/02/2021,09/02/2021,18/02/2021,17/02/2021,202
DUNKLIN,7-Day PCR Positivity Rate,15/02/2021,09/02/2021,18/02/2021,17/02/2021,"4,950495050"
DUNKLIN,7-Day-Cases per 100k,15/02/2021,09/02/2021,18/02/2021,17/02/2021,"24,029384504"
FRANKLIN,Population,15/02/2021,09/02/2021,18/02/2021,17/02/2021,103.967
FRANKLIN,Confirmed Cases,15/02/2021,09/02/2021,18/02/2021,17/02/2021,8.322
FRANKLIN,Confirmed Deaths,15/02/2021,09/02/2021,18/02/2021,17/02/2021,153
FRANKLIN,PCR Tests,15/02/2021,09/02/2021,18/02/2021,17/02/2021,49.664
FRANKLIN,7-Day Confirmed Cases,15/02/2021,09/02/2021,18/02/2021,17/02/2021,83
FRANKLIN,7-Day Confirmed Deaths,15/02/2021,09/02/2021,18/02/2021,17/02/2021,0
FRANKLIN,7-Day PCR Tests,15/02/2021,09/02/2021,18/02/2021,17/02/2021,865
FRANKLIN,7-Day PCR Positivity Rate,15/02/2021,09/02/2021,18/02/2021,17/02/2021,"9,710982659"
FRANKLIN,7-Day-Cases per 100k,15/02/2021,09/02/2021,18/02/2021,17/02/2021,"79,833023940"
GASCONADE,Population,15/02/2021,09/02/2021,18/02/2021,17/02/2021,14.706
GASCONADE,Confirmed Cases,15/02/2021,09/02/2021,18/02/2021,17/02/2021,870
GASCONADE,Confirmed Deaths,15/02/2021,09/02/2021,18/02/2021,17/02/2021,38
GASCONADE,PCR Tests,15/02/2021,09/02/2021,18/02/2021,17/02/2021,9.345
GASCONADE,7-Day Confirmed Cases,15/02/2021,09/02/2021,18/02/2021,17/02/2021,8
GASCONADE,7-Day Confirmed Deaths,15/02/2021,09/02/2021,18/02/2021,17/02/2021,0
GASCONADE,7-Day PCR Tests,15/02/2021,09/02/2021,18/02/2021,17/02/2021,106
GASCONADE,7-Day PCR Positivity Rate,15/02/2021,09/02/2021,18/02/2021,17/02/2021,"7,547169811"
GASCONADE,7-Day-Cases per 100k,15/02/2021,09/02/2021,18/02/2021,17/02/2021,"54,399564803"
GENTRY,Population,15/02/2021,09/02/2021,18/02/2021,17/02/2021,6.571
GENTRY,Confirmed Cases,15/02/2021,09/02/2021,18/02/2021,17/02/2021,732
GENTRY,Confirmed Deaths,15/02/2021,09/02/2021,18/02/2021,17/02/2021,20
GENTRY,PCR Tests,15/02/2021,09/02/2021,18/02/2021,17/02/2021,8.179
GENTRY,7-Day Confirmed Cases,15/02/2021,09/02/2021,18/02/2021,17/02/2021,3
GENTRY,7-Day Confirmed Deaths,15/02/2021,09/02/2021,18/02/2021,17/02/2021,0
GENTRY,7-Day PCR Tests,15/02/2021,09/02/2021,18/02/2021,17/02/2021,90
GENTRY,7-Day PCR Positivity Rate,15/02/2021,09/02/2021,18/02/2021,17/02/2021,"3,333333333"
GENTRY,7-Day-Cases per 100k,15/02/2021,09/02/2021,18/02/2021,17/02/2021,"45,655151423"
GREENE,Population,15/02/2021,09/02/2021,18/02/2021,17/02/2021,293.086
GREENE,Confirmed Cases,15/02/2021,09/02/2021,18/02/2021,17/02/2021,23.138
GREENE,Confirmed Deaths,15/02/2021,09/02/2021,18/02/2021,17/02/2021,414
GREENE,PCR Tests,15/02/2021,09/02/2021,18/02/2021,17/02/2021,211.347
GREENE,7-Day Confirmed Cases,15/02/2021,09/02/2021,18/02/2021,17/02/2021,187
GREENE,7-Day Confirmed Deaths,15/02/2021,09/02/2021,18/02/2021,17/02/2021,4
GREENE,7-Day PCR Tests,15/02/2021,09/02/2021,18/02/2021,17/02/2021,3.304
GREENE,7-Day PCR Positivity Rate,15/02/2021,09/02/2021,18/02/2021,17/02/2021,"6,416464891"
GREENE,7-Day-Cases per 100k,15/02/2021,09/02/2021,18/02/2021,17/02/2021,"63,803798203"
GRUNDY,Population,15/02/2021,09/02/2021,18/02/2021,17/02/2021,9.850
GRUNDY,Confirmed Cases,15/02/2021,09/02/2021,18/02/2021,17/02/2021,824
GRUNDY,Confirmed Deaths,15/02/2021,09/02/2021,18/02/2021,17/02/2021,34
GRUNDY,PCR Tests,15/02/2021,09/02/2021,18/02/2021,17/02/2021,7.049
GRUNDY,7-Day Confirmed Cases,15/02/2021,09/02/2021,18/02/2021,17/02/2021,6
GRUNDY,7-Day Confirmed Deaths,15/02/2021,09/02/2021,18/02/2021,17/02/2021,0
GRUNDY,7-Day PCR Tests,15/02/2021,09/02/2021,18/02/2021,17/02/2021,92
GRUNDY,7-Day PCR Positivity Rate,15/02/2021,09/02/2021,18/02/2021,17/02/2021,"6,521739130"
GRUNDY,7-Day-Cases per 100k,15/02/2021,09/02/2021,18/02/2021,17/02/2021,"60,913705584"
HARRISON,Population,15/02/2021,09/02/2021,18/02/2021,17/02/2021,8.352
HARRISON,Confirmed Cases,15/02/2021,09/02/2021,18/02/2021,17/02/2021,825
HARRISON,Confirmed Deaths,15/02/2021,09/02/2021,18/02/2021,17/02/2021,14
HARRISON,PCR Tests,15/02/2021,09/02/2021,18/02/2021,17/02/2021,5.882
HARRISON,7-Day Confirmed Cases,15/02/2021,09/02/2021,18/02/2021,17/02/2021,5
HARRISON,7-Day Confirmed Deaths,15/02/2021,09/02/2021,18/02/2021,17/02/2021,0
HARRISON,7-Day PCR Tests,15/02/2021,09/02/2021,18/02/2021,17/02/2021,69
HARRISON,7-Day PCR Positivity Rate,15/02/2021,09/02/2021,18/02/2021,17/02/2021,"7,246376812"
HARRISON,7-Day-Cases per 100k,15/02/2021,09/02/2021,18/02/2021,17/02/2021,"59,865900383"
HENRY,Population,15/02/2021,09/02/2021,18/02/2021,17/02/2021,21.824
HENRY,Confirmed Cases,15/02/2021,09/02/2021,18/02/2021,17/02/2021,1.719
HENRY,Confirmed Deaths,15/02/2021,09/02/2021,18/02/2021,17/02/2021,36
HENRY,PCR Tests,15/02/2021,09/02/2021,18/02/2021,17/02/2021,16.251
HENRY,7-Day Confirmed Cases,15/02/2021,09/02/2021,18/02/2021,17/02/2021,25
HENRY,7-Day Confirmed Deaths,15/02/2021,09/02/2021,18/02/2021,17/02/2021,1
HENRY,7-Day PCR Tests,15/02/2021,09/02/2021,18/02/2021,17/02/2021,292
HENRY,7-Day PCR Positivity Rate,15/02/2021,09/02/2021,18/02/2021,17/02/2021,"9,589041096"
HENRY,7-Day-Cases per 100k,15/02/2021,09/02/2021,18/02/2021,17/02/2021,"114,552785924"
HICKORY,Population,15/02/2021,09/02/2021,18/02/2021,17/02/2021,9.544
HICKORY,Confirmed Cases,15/02/2021,09/02/2021,18/02/2021,17/02/2021,465
HICKORY,Confirmed Deaths,15/02/2021,09/02/2021,18/02/2021,17/02/2021,13
HICKORY,PCR Tests,15/02/2021,09/02/2021,18/02/2021,17/02/2021,5.133
HICKORY,7-Day Confirmed Cases,15/02/2021,09/02/2021,18/02/2021,17/02/2021,0
HICKORY,7-Day Confirmed Deaths,15/02/2021,09/02/2021,18/02/2021,17/02/2021,0
HICKORY,7-Day PCR Tests,15/02/2021,09/02/2021,18/02/2021,17/02/2021,63
HICKORY,7-Day PCR Positivity Rate,15/02/2021,09/02/2021,18/02/2021,17/02/2021,"1,587301587"
HICKORY,7-Day-Cases per 100k,15/02/2021,09/02/2021,18/02/2021,17/02/2021,0
HOLT,Population,15/02/2021,09/02/2021,18/02/2021,17/02/2021,4.403
HOLT,Confirmed Cases,15/02/2021,09/02/2021,18/02/2021,17/02/2021,365
HOLT,Confirmed Deaths,15/02/2021,09/02/2021,18/02/2021,17/02/2021,10
HOLT,PCR Tests,15/02/2021,09/02/2021,18/02/2021,17/02/2021,2.828
HOLT,7-Day Confirmed Cases,15/02/2021,09/02/2021,18/02/2021,17/02/2021,1
HOLT,7-Day Confirmed Deaths,15/02/2021,09/02/2021,18/02/2021,17/02/2021,0
HOLT,7-Day PCR Tests,15/02/2021,09/02/2021,18/02/2021,17/02/2021,29
HOLT,7-Day PCR Positivity Rate,15/02/2021,09/02/2021,18/02/2021,17/02/2021,"3,448275862"
HOLT,7-Day-Cases per 100k,15/02/2021,09/02/2021,18/02/2021,17/02/2021,"22,711787418"
HOWARD,Population,15/02/2021,09/02/2021,18/02/2021,17/02/2021,10.001
HOWARD,Confirmed Cases,15/02/2021,09/02/2021,18/02/2021,17/02/2021,710
HOWARD,Confirmed Deaths,15/02/2021,09/02/2021,18/02/2021,17/02/2021,5
HOWARD,PCR Tests,15/02/2021,09/02/2021,18/02/2021,17/02/2021,5.271
HOWARD,7-Day Confirmed Cases,15/02/2021,09/02/2021,18/02/2021,17/02/2021,2
HOWARD,7-Day Confirmed Deaths,15/02/2021,09/02/2021,18/02/2021,17/02/2021,0
HOWARD,7-Day PCR Tests,15/02/2021,09/02/2021,18/02/2021,17/02/2021,95
HOWARD,7-Day PCR Positivity Rate,15/02/2021,09/02/2021,18/02/2021,17/02/2021,"4,210526316"
HOWARD,7-Day-Cases per 100k,15/02/2021,09/02/2021,18/02/2021,17/02/2021,"19,998000200"
HOWELL,Population,15/02/2021,09/02/2021,18/02/2021,17/02/2021,40.117
HOWELL,Confirmed Cases,15/02/2021,09/02/2021,18/02/2021,17/02/2021,2.787
HOWELL,Confirmed Deaths,15/02/2021,09/02/2021,18/02/2021,17/02/2021,42
HOWELL,PCR Tests,15/02/2021,09/02/2021,18/02/2021,17/02/2021,20.386
HOWELL,7-Day Confirmed Cases,15/02/2021,09/02/2021,18/02/2021,17/02/2021,8
HOWELL,7-Day Confirmed Deaths,15/02/2021,09/02/2021,18/02/2021,17/02/2021,0
HOWELL,7-Day PCR Tests,15/02/2021,09/02/2021,18/02/2021,17/02/2021,160
HOWELL,7-Day PCR Positivity Rate,15/02/2021,09/02/2021,18/02/2021,17/02/2021,5
HOWELL,7-Day-Cases per 100k,15/02/2021,09/02/2021,18/02/2021,17/02/2021,"19,941670613"
IRON,Population,15/02/2021,09/02/2021,18/02/2021,17/02/2021,10.125
IRON,Confirmed Cases,15/02/2021,09/02/2021,18/02/2021,17/02/2021,463
IRON,Confirmed Deaths,15/02/2021,09/02/2021,18/02/2021,17/02/2021,5
IRON,PCR Tests,15/02/2021,09/02/2021,18/02/2021,17/02/2021,3.770
IRON,7-Day Confirmed Cases,15/02/2021,09/02/2021,18/02/2021,17/02/2021,3
IRON,7-Day Confirmed Deaths,15/02/2021,09/02/2021,18/02/2021,17/02/2021,0
IRON,7-Day PCR Tests,15/02/2021,09/02/2021,18/02/2021,17/02/2021,49
IRON,7-Day PCR Positivity Rate,15/02/2021,09/02/2021,18/02/2021,17/02/2021,"6,122448980"
IRON,7-Day-Cases per 100k,15/02/2021,09/02/2021,18/02/2021,17/02/2021,"29,629629630"
JACKSON,Population,15/02/2021,09/02/2021,18/02/2021,17/02/2021,383.230
JACKSON,Confirmed Cases,15/02/2021,09/02/2021,18/02/2021,17/02/2021,29.741
JACKSON,Confirmed Deaths,15/02/2021,09/02/2021,18/02/2021,17/02/2021,369
JACKSON,PCR Tests,15/02/2021,09/02/2021,18/02/2021,17/02/2021,276.195
JACKSON,7-Day Confirmed Cases,15/02/2021,09/02/2021,18/02/2021,17/02/2021,246
JACKSON,7-Day Confirmed Deaths,15/02/2021,09/02/2021,18/02/2021,17/02/2021,5
JACKSON,7-Day PCR Tests,15/02/2021,09/02/2021,18/02/2021,17/02/2021,3.679
JACKSON,7-Day PCR Positivity Rate,15/02/2021,09/02/2021,18/02/2021,17/02/2021,"7,447675999"
JACKSON,7-Day-Cases per 100k,15/02/2021,09/02/2021,18/02/2021,17/02/2021,"64,191216763"
JASPER,Population,15/02/2021,09/02/2021,18/02/2021,17/02/2021,76.489
JASPER,Confirmed Cases,15/02/2021,09/02/2021,18/02/2021,17/02/2021,7.345
JASPER,Confirmed Deaths,15/02/2021,09/02/2021,18/02/2021,17/02/2021,112
JASPER,PCR Tests,15/02/2021,09/02/2021,18/02/2021,17/02/2021,44.913
JASPER,7-Day Confirmed Cases,15/02/2021,09/02/2021,18/02/2021,17/02/2021,73
JASPER,7-Day Confirmed Deaths,15/02/2021,09/02/2021,18/02/2021,17/02/2021,1
JASPER,7-Day PCR Tests,15/02/2021,09/02/2021,18/02/2021,17/02/2021,670
JASPER,7-Day PCR Positivity Rate,15/02/2021,09/02/2021,18/02/2021,17/02/2021,"11,492537313"
JASPER,7-Day-Cases per 100k,15/02/2021,09/02/2021,18/02/2021,17/02/2021,"95,438559793"
JEFFERSON,Population,15/02/2021,09/02/2021,18/02/2021,17/02/2021,225.081
JEFFERSON,Confirmed Cases,15/02/2021,09/02/2021,18/02/2021,17/02/2021,18.813
JEFFERSON,Confirmed Deaths,15/02/2021,09/02/2021,18/02/2021,17/02/2021,204
JEFFERSON,PCR Tests,15/02/2021,09/02/2021,18/02/2021,17/02/2021,130.884
JEFFERSON,7-Day Confirmed Cases,15/02/2021,09/02/2021,18/02/2021,17/02/2021,153
JEFFERSON,7-Day Confirmed Deaths,15/02/2021,09/02/2021,18/02/2021,17/02/2021,1
JEFFERSON,7-Day PCR Tests,15/02/2021,09/02/2021,18/02/2021,17/02/2021,1.931
JEFFERSON,7-Day PCR Positivity Rate,15/02/2021,09/02/2021,18/02/2021,17/02/2021,"8,751941999"
JEFFERSON,7-Day-Cases per 100k,15/02/2021,09/02/2021,18/02/2021,17/02/2021,"67,975528810"
JOHNSON,Population,15/02/2021,09/02/2021,18/02/2021,17/02/2021,54.062
JOHNSON,Confirmed Cases,15/02/2021,09/02/2021,18/02/2021,17/02/2021,3.832
JOHNSON,Confirmed Deaths,15/02/2021,09/02/2021,18/02/2021,17/02/2021,43
JOHNSON,PCR Tests,15/02/2021,09/02/2021,18/02/2021,17/02/2021,38.269
JOHNSON,7-Day Confirmed Cases,15/02/2021,09/02/2021,18/02/2021,17/02/2021,43
JOHNSON,7-Day Confirmed Deaths,15/02/2021,09/02/2021,18/02/2021,17/02/2021,0
JOHNSON,7-Day PCR Tests,15/02/2021,09/02/2021,18/02/2021,17/02/2021,465
JOHNSON,7-Day PCR Positivity Rate,15/02/2021,09/02/2021,18/02/2021,17/02/2021,"10,537634409"
JOHNSON,7-Day-Cases per 100k,15/02/2021,09/02/2021,18/02/2021,17/02/2021,"79,538307869"
JOPLIN,Population,15/02/2021,09/02/2021,18/02/2021,17/02/2021,50.924
JOPLIN,Confirmed Cases,15/02/2021,09/02/2021,18/02/2021,17/02/2021,4.740
JOPLIN,Confirmed Deaths,15/02/2021,09/02/2021,18/02/2021,17/02/2021,100
JOPLIN,PCR Tests,15/02/2021,09/02/2021,18/02/2021,17/02/2021,44.859
JOPLIN,7-Day Confirmed Cases,15/02/2021,09/02/2021,18/02/2021,17/02/2021,33
JOPLIN,7-Day Confirmed Deaths,15/02/2021,09/02/2021,18/02/2021,17/02/2021,0
JOPLIN,7-Day PCR Tests,15/02/2021,09/02/2021,18/02/2021,17/02/2021,645
JOPLIN,7-Day PCR Positivity Rate,15/02/2021,09/02/2021,18/02/2021,17/02/2021,"6,201550388"
JOPLIN,7-Day-Cases per 100k,15/02/2021,09/02/2021,18/02/2021,17/02/2021,"64,802450711"
KANSAS CITY,Population,15/02/2021,09/02/2021,18/02/2021,17/02/2021,495.377
KANSAS CITY,Confirmed Cases,15/02/2021,09/02/2021,18/02/2021,17/02/2021,36.436
KANSAS CITY,Confirmed Deaths,15/02/2021,09/02/2021,18/02/2021,17/02/2021,490
KANSAS CITY,PCR Tests,15/02/2021,09/02/2021,18/02/2021,17/02/2021,446.848
KANSAS CITY,7-Day Confirmed Cases,15/02/2021,09/02/2021,18/02/2021,17/02/2021,241
KANSAS CITY,7-Day Confirmed Deaths,15/02/2021,09/02/2021,18/02/2021,17/02/2021,3
KANSAS CITY,7-Day PCR Tests,15/02/2021,09/02/2021,18/02/2021,17/02/2021,6.384
KANSAS CITY,7-Day PCR Positivity Rate,15/02/2021,09/02/2021,18/02/2021,17/02/2021,"4,636591479"
KANSAS CITY,7-Day-Cases per 100k,15/02/2021,09/02/2021,18/02/2021,17/02/2021,"48,649816201"
KNOX,Population,15/02/2021,09/02/2021,18/02/2021,17/02/2021,3.959
KNOX,Confirmed Cases,15/02/2021,09/02/2021,18/02/2021,17/02/2021,175
KNOX,Confirmed Deaths,15/02/2021,09/02/2021,18/02/2021,17/02/2021,2
KNOX,PCR Tests,15/02/2021,09/02/2021,18/02/2021,17/02/2021,1.487
KNOX,7-Day Confirmed Cases,15/02/2021,09/02/2021,18/02/2021,17/02/2021,0
KNOX,7-Day Confirmed Deaths,15/02/2021,09/02/2021,18/02/2021,17/02/2021,0
KNOX,7-Day PCR Tests,15/02/2021,09/02/2021,18/02/2021,17/02/2021,6
KNOX,7-Day PCR Positivity Rate,15/02/2021,09/02/2021,18/02/2021,17/02/2021,
KNOX,7-Day-Cases per 100k,15/02/2021,09/02/2021,18/02/2021,17/02/2021,0
LACLEDE,Population,15/02/2021,09/02/2021,18/02/2021,17/02/2021,35.723
LACLEDE,Confirmed Cases,15/02/2021,09/02/2021,18/02/2021,17/02/2021,2.905
LACLEDE,Confirmed Deaths,15/02/2021,09/02/2021,18/02/2021,17/02/2021,64
LACLEDE,PCR Tests,15/02/2021,09/02/2021,18/02/2021,17/02/2021,21.605
LACLEDE,7-Day Confirmed Cases,15/02/2021,09/02/2021,18/02/2021,17/02/2021,9
LACLEDE,7-Day Confirmed Deaths,15/02/2021,09/02/2021,18/02/2021,17/02/2021,0
LACLEDE,7-Day PCR Tests,15/02/2021,09/02/2021,18/02/2021,17/02/2021,268
LACLEDE,7-Day PCR Positivity Rate,15/02/2021,09/02/2021,18/02/2021,17/02/2021,"3,358208955"
LACLEDE,7-Day-Cases per 100k,15/02/2021,09/02/2021,18/02/2021,17/02/2021,"25,193852700"
LAFAYETTE,Population,15/02/2021,09/02/2021,18/02/2021,17/02/2021,32.708
LAFAYETTE,Confirmed Cases,15/02/2021,09/02/2021,18/02/2021,17/02/2021,2.520
LAFAYETTE,Confirmed Deaths,15/02/2021,09/02/2021,18/02/2021,17/02/2021,53
LAFAYETTE,PCR Tests,15/02/2021,09/02/2021,18/02/2021,17/02/2021,23.412
LAFAYETTE,7-Day Confirmed Cases,15/02/2021,09/02/2021,18/02/2021,17/02/2021,28
LAFAYETTE,7-Day Confirmed Deaths,15/02/2021,09/02/2021,18/02/2021,17/02/2021,0
LAFAYETTE,7-Day PCR Tests,15/02/2021,09/02/2021,18/02/2021,17/02/2021,289
LAFAYETTE,7-Day PCR Positivity Rate,15/02/2021,09/02/2021,18/02/2021,17/02/2021,"12,110726644"
LAFAYETTE,7-Day-Cases per 100k,15/02/2021,09/02/2021,18/02/2021,17/02/2021,"85,605967959"
LAWRENCE,Population,15/02/2021,09/02/2021,18/02/2021,17/02/2021,38.355
LAWRENCE,Confirmed Cases,15/02/2021,09/02/2021,18/02/2021,17/02/2021,2.737
LAWRENCE,Confirmed Deaths,15/02/2021,09/02/2021,18/02/2021,17/02/2021,71
LAWRENCE,PCR Tests,15/02/2021,09/02/2021,18/02/2021,17/02/2021,31.171
LAWRENCE,7-Day Confirmed Cases,15/02/2021,09/02/2021,18/02/2021,17/02/2021,31
LAWRENCE,7-Day Confirmed Deaths,15/02/2021,09/02/2021,18/02/2021,17/02/2021,0
LAWRENCE,7-Day PCR Tests,15/02/2021,09/02/2021,18/02/2021,17/02/2021,296
LAWRENCE,7-Day PCR Positivity Rate,15/02/2021,09/02/2021,18/02/2021,17/02/2021,"10,472972973"
LAWRENCE,7-Day-Cases per 100k,15/02/2021,09/02/2021,18/02/2021,17/02/2021,"80,823882154"
LEWIS,Population,15/02/2021,09/02/2021,18/02/2021,17/02/2021,9.776
LEWIS,Confirmed Cases,15/02/2021,09/02/2021,18/02/2021,17/02/2021,626
LEWIS,Confirmed Deaths,15/02/2021,09/02/2021,18/02/2021,17/02/2021,5
LEWIS,PCR Tests,15/02/2021,09/02/2021,18/02/2021,17/02/2021,4.784
LEWIS,7-Day Confirmed Cases,15/02/2021,09/02/2021,18/02/2021,17/02/2021,3
LEWIS,7-Day Confirmed Deaths,15/02/2021,09/02/2021,18/02/2021,17/02/2021,0
LEWIS,7-Day PCR Tests,15/02/2021,09/02/2021,18/02/2021,17/02/2021,45
LEWIS,7-Day PCR Positivity Rate,15/02/2021,09/02/2021,18/02/2021,17/02/2021,"6,666666667"
LEWIS,7-Day-Cases per 100k,15/02/2021,09/02/2021,18/02/2021,17/02/2021,"30,687397709"
LINCOLN,Population,15/02/2021,09/02/2021,18/02/2021,17/02/2021,59.013
LINCOLN,Confirmed Cases,15/02/2021,09/02/2021,18/02/2021,17/02/2021,4.248
LINCOLN,Confirmed Deaths,15/02/2021,09/02/2021,18/02/2021,17/02/2021,31
LINCOLN,PCR Tests,15/02/2021,09/02/2021,18/02/2021,17/02/2021,31.879
LINCOLN,7-Day Confirmed Cases,15/02/2021,09/02/2021,18/02/2021,17/02/2021,62
LINCOLN,7-Day Confirmed Deaths,15/02/2021,09/02/2021,18/02/2021,17/02/2021,0
LINCOLN,7-Day PCR Tests,15/02/2021,09/02/2021,18/02/2021,17/02/2021,586
LINCOLN,7-Day PCR Positivity Rate,15/02/2021,09/02/2021,18/02/2021,17/02/2021,"10,580204778"
LINCOLN,7-Day-Cases per 100k,15/02/2021,09/02/2021,18/02/2021,17/02/2021,"105,061596597"
LINN,Population,15/02/2021,09/02/2021,18/02/2021,17/02/2021,11.920
LINN,Confirmed Cases,15/02/2021,09/02/2021,18/02/2021,17/02/2021,540
LINN,Confirmed Deaths,15/02/2021,09/02/2021,18/02/2021,17/02/2021,11
LINN,PCR Tests,15/02/2021,09/02/2021,18/02/2021,17/02/2021,5.382
LINN,7-Day Confirmed Cases,15/02/2021,09/02/2021,18/02/2021,17/02/2021,3
LINN,7-Day Confirmed Deaths,15/02/2021,09/02/2021,18/02/2021,17/02/2021,0
LINN,7-Day PCR Tests,15/02/2021,09/02/2021,18/02/2021,17/02/2021,58
LINN,7-Day PCR Positivity Rate,15/02/2021,09/02/2021,18/02/2021,17/02/2021,"6,896551724"
LINN,7-Day-Cases per 100k,15/02/2021,09/02/2021,18/02/2021,17/02/2021,"25,167785235"
LIVINGSTON,Population,15/02/2021,09/02/2021,18/02/2021,17/02/2021,15.227
LIVINGSTON,Confirmed Cases,15/02/2021,09/02/2021,18/02/2021,17/02/2021,1.320
LIVINGSTON,Confirmed Deaths,15/02/2021,09/02/2021,18/02/2021,17/02/2021,36
LIVINGSTON,PCR Tests,15/02/2021,09/02/2021,18/02/2021,17/02/2021,11.744
LIVINGSTON,7-Day Confirmed Cases,15/02/2021,09/02/2021,18/02/2021,17/02/2021,14
LIVINGSTON,7-Day Confirmed Deaths,15/02/2021,09/02/2021,18/02/2021,17/02/2021,0
LIVINGSTON,7-Day PCR Tests,15/02/2021,09/02/2021,18/02/2021,17/02/2021,154
LIVINGSTON,7-Day PCR Positivity Rate,15/02/2021,09/02/2021,18/02/2021,17/02/2021,"9,740259740"
LIVINGSTON,7-Day-Cases per 100k,15/02/2021,09/02/2021,18/02/2021,17/02/2021,"91,941945229"
MACON,Population,15/02/2021,09/02/2021,18/02/2021,17/02/2021,15.117
MACON,Confirmed Cases,15/02/2021,09/02/2021,18/02/2021,17/02/2021,1.196
MACON,Confirmed Deaths,15/02/2021,09/02/2021,18/02/2021,17/02/2021,13
MACON,PCR Tests,15/02/2021,09/02/2021,18/02/2021,17/02/2021,7.984
MACON,7-Day Confirmed Cases,15/02/2021,09/02/2021,18/02/2021,17/02/2021,3
MACON,7-Day Confirmed Deaths,15/02/2021,09/02/2021,18/02/2021,17/02/2021,0
MACON,7-Day PCR Tests,15/02/2021,09/02/2021,18/02/2021,17/02/2021,63
MACON,7-Day PCR Positivity Rate,15/02/2021,09/02/2021,18/02/2021,17/02/2021,"6,349206349"
MACON,7-Day-Cases per 100k,15/02/2021,09/02/2021,18/02/2021,17/02/2021,"19,845207382"
MADISON,Population,15/02/2021,09/02/2021,18/02/2021,17/02/2021,12.088
MADISON,Confirmed Cases,15/02/2021,09/02/2021,18/02/2021,17/02/2021,1.342
MADISON,Confirmed Deaths,15/02/2021,09/02/2021,18/02/2021,17/02/2021,16
MADISON,PCR Tests,15/02/2021,09/02/2021,18/02/2021,17/02/2021,8.747
MADISON,7-Day Confirmed Cases,15/02/2021,09/02/2021,18/02/2021,17/02/2021,0
MADISON,7-Day Confirmed Deaths,15/02/2021,09/02/2021,18/02/2021,17/02/2021,0
MADISON,7-Day PCR Tests,15/02/2021,09/02/2021,18/02/2021,17/02/2021,62
MADISON,7-Day PCR Positivity Rate,15/02/2021,09/02/2021,18/02/2021,17/02/2021,"1,612903226"
MADISON,7-Day-Cases per 100k,15/02/2021,09/02/2021,18/02/2021,17/02/2021,0
MARIES,Population,15/02/2021,09/02/2021,18/02/2021,17/02/2021,8.697
MARIES,Confirmed Cases,15/02/2021,09/02/2021,18/02/2021,17/02/2021,532
MARIES,Confirmed Deaths,15/02/2021,09/02/2021,18/02/2021,17/02/2021,7
MARIES,PCR Tests,15/02/2021,09/02/2021,18/02/2021,17/02/2021,3.534
MARIES,7-Day Confirmed Cases,15/02/2021,09/02/2021,18/02/2021,17/02/2021,3
MARIES,7-Day Confirmed Deaths,15/02/2021,09/02/2021,18/02/2021,17/02/2021,0
MARIES,7-Day PCR Tests,15/02/2021,09/02/2021,18/02/2021,17/02/2021,96
MARIES,7-Day PCR Positivity Rate,15/02/2021,09/02/2021,18/02/2021,17/02/2021,"3,125"
MARIES,7-Day-Cases per 100k,15/02/2021,09/02/2021,18/02/2021,17/02/2021,"34,494653329"
MARION,Population,15/02/2021,09/02/2021,18/02/2021,17/02/2021,28.530
MARION,Confirmed Cases,15/02/2021,09/02/2021,18/02/2021,17/02/2021,2.636
MARION,Confirmed Deaths,15/02/2021,09/02/2021,18/02/2021,17/02/2021,41
MARION,PCR Tests,15/02/2021,09/02/2021,18/02/2021,17/02/2021,25.724
MARION,7-Day Confirmed Cases,15/02/2021,09/02/2021,18/02/2021,17/02/2021,13
MARION,7-Day Confirmed Deaths,15/02/2021,09/02/2021,18/02/2021,17/02/2021,0
MARION,7-Day PCR Tests,15/02/2021,09/02/2021,18/02/2021,17/02/2021,263
MARION,7-Day PCR Positivity Rate,15/02/2021,09/02/2021,18/02/2021,17/02/2021,"4,942965779"
MARION,7-Day-Cases per 100k,15/02/2021,09/02/2021,18/02/2021,17/02/2021,"45,566070803"
MCDONALD,Population,15/02/2021,09/02/2021,18/02/2021,17/02/2021,22.837
MCDONALD,Confirmed Cases,15/02/2021,09/02/2021,18/02/2021,17/02/2021,1.911
MCDONALD,Confirmed Deaths,15/02/2021,09/02/2021,18/02/2021,17/02/2021,25
MCDONALD,PCR Tests,15/02/2021,09/02/2021,18/02/2021,17/02/2021,11.932
MCDONALD,7-Day Confirmed Cases,15/02/2021,09/02/2021,18/02/2021,17/02/2021,13
MCDONALD,7-Day Confirmed Deaths,15/02/2021,09/02/2021,18/02/2021,17/02/2021,0
MCDONALD,7-Day PCR Tests,15/02/2021,09/02/2021,18/02/2021,17/02/2021,119
MCDONALD,7-Day PCR Positivity Rate,15/02/2021,09/02/2021,18/02/2021,17/02/2021,"12,605042017"
MCDONALD,7-Day-Cases per 100k,15/02/2021,09/02/2021,18/02/2021,17/02/2021,"56,925165302"
MERCER,Population,15/02/2021,09/02/2021,18/02/2021,17/02/2021,3.617
MERCER,Confirmed Cases,15/02/2021,09/02/2021,18/02/2021,17/02/2021,177
MERCER,Confirmed Deaths,15/02/2021,09/02/2021,18/02/2021,17/02/2021,2
MERCER,PCR Tests,15/02/2021,09/02/2021,18/02/2021,17/02/2021,1.641
MERCER,7-Day Confirmed Cases,15/02/2021,09/02/2021,18/02/2021,17/02/2021,3
MERCER,7-Day Confirmed Deaths,15/02/2021,09/02/2021,18/02/2021,17/02/2021,0
MERCER,7-Day PCR Tests,15/02/2021,09/02/2021,18/02/2021,17/02/2021,32
MERCER,7-Day PCR Positivity Rate,15/02/2021,09/02/2021,18/02/2021,17/02/2021,"9,375"
MERCER,7-Day-Cases per 100k,15/02/2021,09/02/2021,18/02/2021,17/02/2021,"82,941664363"
MILLER,Population,15/02/2021,09/02/2021,18/02/2021,17/02/2021,25.619
MILLER,Confirmed Cases,15/02/2021,09/02/2021,18/02/2021,17/02/2021,2.311
MILLER,Confirmed Deaths,15/02/2021,09/02/2021,18/02/2021,17/02/2021,49
MILLER,PCR Tests,15/02/2021,09/02/2021,18/02/2021,17/02/2021,15.026
MILLER,7-Day Confirmed Cases,15/02/2021,09/02/2021,18/02/2021,17/02/2021,8
MILLER,7-Day Confirmed Deaths,15/02/2021,09/02/2021,18/02/2021,17/02/2021,0
MILLER,7-Day PCR Tests,15/02/2021,09/02/2021,18/02/2021,17/02/2021,157
MILLER,7-Day PCR Positivity Rate,15/02/2021,09/02/2021,18/02/2021,17/02/2021,"5,095541401"
MILLER,7-Day-Cases per 100k,15/02/2021,09/02/2021,18/02/2021,17/02/2021,"31,226823842"
MISSISSIPPI,Population,15/02/2021,09/02/2021,18/02/2021,17/02/2021,13.180
MISSISSIPPI,Confirmed Cases,15/02/2021,09/02/2021,18/02/2021,17/02/2021,1.252
MISSISSIPPI,Confirmed Deaths,15/02/2021,09/02/2021,18/02/2021,17/02/2021,24
MISSISSIPPI,PCR Tests,15/02/2021,09/02/2021,18/02/2021,17/02/2021,8.276
MISSISSIPPI,7-Day Confirmed Cases,15/02/2021,09/02/2021,18/02/2021,17/02/2021,8
MISSISSIPPI,7-Day Confirmed Deaths,15/02/2021,09/02/2021,18/02/2021,17/02/2021,0
MISSISSIPPI,7-Day PCR Tests,15/02/2021,09/02/2021,18/02/2021,17/02/2021,33
MISSISSIPPI,7-Day PCR Positivity Rate,15/02/2021,09/02/2021,18/02/2021,17/02/2021,"24,242424242"
MISSISSIPPI,7-Day-Cases per 100k,15/02/2021,09/02/2021,18/02/2021,17/02/2021,"60,698027314"
MONITEAU,Population,15/02/2021,09/02/2021,18/02/2021,17/02/2021,16.132
MONITEAU,Confirmed Cases,15/02/2021,09/02/2021,18/02/2021,17/02/2021,1.677
MONITEAU,Confirmed Deaths,15/02/2021,09/02/2021,18/02/2021,17/02/2021,29
MONITEAU,PCR Tests,15/02/2021,09/02/2021,18/02/2021,17/02/2021,10.293
MONITEAU,7-Day Confirmed Cases,15/02/2021,09/02/2021,18/02/2021,17/02/2021,5
MONITEAU,7-Day Confirmed Deaths,15/02/2021,09/02/2021,18/02/2021,17/02/2021,0
MONITEAU,7-Day PCR Tests,15/02/2021,09/02/2021,18/02/2021,17/02/2021,105
MONITEAU,7-Day PCR Positivity Rate,15/02/2021,09/02/2021,18/02/2021,17/02/2021,"4,761904762"
MONITEAU,7-Day-Cases per 100k,15/02/2021,09/02/2021,18/02/2021,17/02/2021,"30,994297049"
MONROE,Population,15/02/2021,09/02/2021,18/02/2021,17/02/2021,8.644
MONROE,Confirmed Cases,15/02/2021,09/02/2021,18/02/2021,17/02/2021,588
MONROE,Confirmed Deaths,15/02/2021,09/02/2021,18/02/2021,17/02/2021,10
MONROE,PCR Tests,15/02/2021,09/02/2021,18/02/2021,17/02/2021,4.429
MONROE,7-Day Confirmed Cases,15/02/2021,09/02/2021,18/02/2021,17/02/2021,3
MONROE,7-Day Confirmed Deaths,15/02/2021,09/02/2021,18/02/2021,17/02/2021,0
MONROE,7-Day PCR Tests,15/02/2021,09/02/2021,18/02/2021,17/02/2021,38
MONROE,7-Day PCR Positivity Rate,15/02/2021,09/02/2021,18/02/2021,17/02/2021,"7,894736842"
MONROE,7-Day-Cases per 100k,15/02/2021,09/02/2021,18/02/2021,17/02/2021,"34,706154558"
MONTGOMERY,Population,15/02/2021,09/02/2021,18/02/2021,17/02/2021,11.551
MONTGOMERY,Confirmed Cases,15/02/2021,09/02/2021,18/02/2021,17/02/2021,565
MONTGOMERY,Confirmed Deaths,15/02/2021,09/02/2021,18/02/2021,17/02/2021,10
MONTGOMERY,PCR Tests,15/02/2021,09/02/2021,18/02/2021,17/02/2021,6.316
MONTGOMERY,7-Day Confirmed Cases,15/02/2021,09/02/2021,18/02/2021,17/02/2021,5
MONTGOMERY,7-Day Confirmed Deaths,15/02/2021,09/02/2021,18/02/2021,17/02/2021,0
MONTGOMERY,7-Day PCR Tests,15/02/2021,09/02/2021,18/02/2021,17/02/2021,88
MONTGOMERY,7-Day PCR Positivity Rate,15/02/2021,09/02/2021,18/02/2021,17/02/2021,"5,681818182"
MONTGOMERY,7-Day-Cases per 100k,15/02/2021,09/02/2021,18/02/2021,17/02/2021,"43,286295559"
MORGAN,Population,15/02/2021,09/02/2021,18/02/2021,17/02/2021,20.627
MORGAN,Confirmed Cases,15/02/2021,09/02/2021,18/02/2021,17/02/2021,1.619
MORGAN,Confirmed Deaths,15/02/2021,09/02/2021,18/02/2021,17/02/2021,39
MORGAN,PCR Tests,15/02/2021,09/02/2021,18/02/2021,17/02/2021,16.015
MORGAN,7-Day Confirmed Cases,15/02/2021,09/02/2021,18/02/2021,17/02/2021,8
MORGAN,7-Day Confirmed Deaths,15/02/2021,09/02/2021,18/02/2021,17/02/2021,0
MORGAN,7-Day PCR Tests,15/02/2021,09/02/2021,18/02/2021,17/02/2021,121
MORGAN,7-Day PCR Positivity Rate,15/02/2021,09/02/2021,18/02/2021,17/02/2021,"6,611570248"
MORGAN,7-Day-Cases per 100k,15/02/2021,09/02/2021,18/02/2021,17/02/2021,"38,784117904"
NEW MADRID,Population,15/02/2021,09/02/2021,18/02/2021,17/02/2021,17.076
NEW MADRID,Confirmed Cases,15/02/2021,09/02/2021,18/02/2021,17/02/2021,1.765
NEW MADRID,Confirmed Deaths,15/02/2021,09/02/2021,18/02/2021,17/02/2021,45
NEW MADRID,PCR Tests,15/02/2021,09/02/2021,18/02/2021,17/02/2021,9.286
NEW MADRID,7-Day Confirmed Cases,15/02/2021,09/02/2021,18/02/2021,17/02/2021,0
NEW MADRID,7-Day Confirmed Deaths,15/02/2021,09/02/2021,18/02/2021,17/02/2021,0
NEW MADRID,7-Day PCR Tests,15/02/2021,09/02/2021,18/02/2021,17/02/2021,18
NEW MADRID,7-Day PCR Positivity Rate,15/02/2021,09/02/2021,18/02/2021,17/02/2021,
NEW MADRID,7-Day-Cases per 100k,15/02/2021,09/02/2021,18/02/2021,17/02/2021,0
NEWTON,Population,15/02/2021,09/02/2021,18/02/2021,17/02/2021,52.151
NEWTON,Confirmed Cases,15/02/2021,09/02/2021,18/02/2021,17/02/2021,4.053
NEWTON,Confirmed Deaths,15/02/2021,09/02/2021,18/02/2021,17/02/2021,64
NEWTON,PCR Tests,15/02/2021,09/02/2021,18/02/2021,17/02/2021,22.954
NEWTON,7-Day Confirmed Cases,15/02/2021,09/02/2021,18/02/2021,17/02/2021,28
NEWTON,7-Day Confirmed Deaths,15/02/2021,09/02/2021,18/02/2021,17/02/2021,0
NEWTON,7-Day PCR Tests,15/02/2021,09/02/2021,18/02/2021,17/02/2021,281
NEWTON,7-Day PCR Positivity Rate,15/02/2021,09/02/2021,18/02/2021,17/02/2021,"10,676156584"
NEWTON,7-Day-Cases per 100k,15/02/2021,09/02/2021,18/02/2021,17/02/2021,"53,690245633"
NODAWAY,Population,15/02/2021,09/02/2021,18/02/2021,17/02/2021,22.092
NODAWAY,Confirmed Cases,15/02/2021,09/02/2021,18/02/2021,17/02/2021,2.085
NODAWAY,Confirmed Deaths,15/02/2021,09/02/2021,18/02/2021,17/02/2021,24
NODAWAY,PCR Tests,15/02/2021,09/02/2021,18/02/2021,17/02/2021,18.174
NODAWAY,7-Day Confirmed Cases,15/02/2021,09/02/2021,18/02/2021,17/02/2021,10
NODAWAY,7-Day Confirmed Deaths,15/02/2021,09/02/2021,18/02/2021,17/02/2021,0
NODAWAY,7-Day PCR Tests,15/02/2021,09/02/2021,18/02/2021,17/02/2021,260
NODAWAY,7-Day PCR Positivity Rate,15/02/2021,09/02/2021,18/02/2021,17/02/2021,"3,846153846"
NODAWAY,7-Day-Cases per 100k,15/02/2021,09/02/2021,18/02/2021,17/02/2021,"45,265254391"
OREGON,Population,15/02/2021,09/02/2021,18/02/2021,17/02/2021,10.529
OREGON,Confirmed Cases,15/02/2021,09/02/2021,18/02/2021,17/02/2021,671
OREGON,Confirmed Deaths,15/02/2021,09/02/2021,18/02/2021,17/02/2021,3
OREGON,PCR Tests,15/02/2021,09/02/2021,18/02/2021,17/02/2021,3.686
OREGON,7-Day Confirmed Cases,15/02/2021,09/02/2021,18/02/2021,17/02/2021,3
OREGON,7-Day Confirmed Deaths,15/02/2021,09/02/2021,18/02/2021,17/02/2021,0
OREGON,7-Day PCR Tests,15/02/2021,09/02/2021,18/02/2021,17/02/2021,25
OREGON,7-Day PCR Positivity Rate,15/02/2021,09/02/2021,18/02/2021,17/02/2021,12
OREGON,7-Day-Cases per 100k,15/02/2021,09/02/2021,18/02/2021,17/02/2021,"28,492734353"
OSAGE,Population,15/02/2021,09/02/2021,18/02/2021,17/02/2021,13.615
OSAGE,Confirmed Cases,15/02/2021,09/02/2021,18/02/2021,17/02/2021,1.390
OSAGE,Confirmed Deaths,15/02/2021,09/02/2021,18/02/2021,17/02/2021,12
OSAGE,PCR Tests,15/02/2021,09/02/2021,18/02/2021,17/02/2021,8.622
OSAGE,7-Day Confirmed Cases,15/02/2021,09/02/2021,18/02/2021,17/02/2021,6
OSAGE,7-Day Confirmed Deaths,15/02/2021,09/02/2021,18/02/2021,17/02/2021,0
OSAGE,7-Day PCR Tests,15/02/2021,09/02/2021,18/02/2021,17/02/2021,137
OSAGE,7-Day PCR Positivity Rate,15/02/2021,09/02/2021,18/02/2021,17/02/2021,"7,299270073"
OSAGE,7-Day-Cases per 100k,15/02/2021,09/02/2021,18/02/2021,17/02/2021,"44,069041498"
OZARK,Population,15/02/2021,09/02/2021,18/02/2021,17/02/2021,9.174
OZARK,Confirmed Cases,15/02/2021,09/02/2021,18/02/2021,17/02/2021,547
OZARK,Confirmed Deaths,15/02/2021,09/02/2021,18/02/2021,17/02/2021,12
OZARK,PCR Tests,15/02/2021,09/02/2021,18/02/2021,17/02/2021,3.946
OZARK,7-Day Confirmed Cases,15/02/2021,09/02/2021,18/02/2021,17/02/2021,2
OZARK,7-Day Confirmed Deaths,15/02/2021,09/02/2021,18/02/2021,17/02/2021,0
OZARK,7-Day PCR Tests,15/02/2021,09/02/2021,18/02/2021,17/02/2021,30
OZARK,7-Day PCR Positivity Rate,15/02/2021,09/02/2021,18/02/2021,17/02/2021,"6,666666667"
OZARK,7-Day-Cases per 100k,15/02/2021,09/02/2021,18/02/2021,17/02/2021,"21,800741225"
PEMISCOT,Population,15/02/2021,09/02/2021,18/02/2021,17/02/2021,15.805
PEMISCOT,Confirmed Cases,15/02/2021,09/02/2021,18/02/2021,17/02/2021,1.408
PEMISCOT,Confirmed Deaths,15/02/2021,09/02/2021,18/02/2021,17/02/2021,28
PEMISCOT,PCR Tests,15/02/2021,09/02/2021,18/02/2021,17/02/2021,6.541
PEMISCOT,7-Day Confirmed Cases,15/02/2021,09/02/2021,18/02/2021,17/02/2021,6
PEMISCOT,7-Day Confirmed Deaths,15/02/2021,09/02/2021,18/02/2021,17/02/2021,0
PEMISCOT,7-Day PCR Tests,15/02/2021,09/02/2021,18/02/2021,17/02/2021,40
PEMISCOT,7-Day PCR Positivity Rate,15/02/2021,09/02/2021,18/02/2021,17/02/2021,"17,5"
PEMISCOT,7-Day-Cases per 100k,15/02/2021,09/02/2021,18/02/2021,17/02/2021,"37,962670041"
PERRY,Population,15/02/2021,09/02/2021,18/02/2021,17/02/2021,19.136
PERRY,Confirmed Cases,15/02/2021,09/02/2021,18/02/2021,17/02/2021,2.035
PERRY,Confirmed Deaths,15/02/2021,09/02/2021,18/02/2021,17/02/2021,24
PERRY,PCR Tests,15/02/2021,09/02/2021,18/02/2021,17/02/2021,16.316
PERRY,7-Day Confirmed Cases,15/02/2021,09/02/2021,18/02/2021,17/02/2021,17
PERRY,7-Day Confirmed Deaths,15/02/2021,09/02/2021,18/02/2021,17/02/2021,0
PERRY,7-Day PCR Tests,15/02/2021,09/02/2021,18/02/2021,17/02/2021,111
PERRY,7-Day PCR Positivity Rate,15/02/2021,09/02/2021,18/02/2021,17/02/2021,"18,018018018"
PERRY,7-Day-Cases per 100k,15/02/2021,09/02/2021,18/02/2021,17/02/2021,"88,837792642"
PETTIS,Population,15/02/2021,09/02/2021,18/02/2021,17/02/2021,42.339
PETTIS,Confirmed Cases,15/02/2021,09/02/2021,18/02/2021,17/02/2021,4.753
PETTIS,Confirmed Deaths,15/02/2021,09/02/2021,18/02/2021,17/02/2021,75
PETTIS,PCR Tests,15/02/2021,09/02/2021,18/02/2021,17/02/2021,47.058
PETTIS,7-Day Confirmed Cases,15/02/2021,09/02/2021,18/02/2021,17/02/2021,32
PETTIS,7-Day Confirmed Deaths,15/02/2021,09/02/2021,18/02/2021,17/02/2021,0
PETTIS,7-Day PCR Tests,15/02/2021,09/02/2021,18/02/2021,17/02/2021,417
PETTIS,7-Day PCR Positivity Rate,15/02/2021,09/02/2021,18/02/2021,17/02/2021,"8,633093525"
PETTIS,7-Day-Cases per 100k,15/02/2021,09/02/2021,18/02/2021,17/02/2021,"75,580434115"
PHELPS,Population,15/02/2021,09/02/2021,18/02/2021,17/02/2021,44.573
PHELPS,Confirmed Cases,15/02/2021,09/02/2021,18/02/2021,17/02/2021,2.966
PHELPS,Confirmed Deaths,15/02/2021,09/02/2021,18/02/2021,17/02/2021,119
PHELPS,PCR Tests,15/02/2021,09/02/2021,18/02/2021,17/02/2021,30.425
PHELPS,7-Day Confirmed Cases,15/02/2021,09/02/2021,18/02/2021,17/02/2021,20
PHELPS,7-Day Confirmed Deaths,15/02/2021,09/02/2021,18/02/2021,17/02/2021,0
PHELPS,7-Day PCR Tests,15/02/2021,09/02/2021,18/02/2021,17/02/2021,321
PHELPS,7-Day PCR Positivity Rate,15/02/2021,09/02/2021,18/02/2021,17/02/2021,"7,165109034"
PHELPS,7-Day-Cases per 100k,15/02/2021,09/02/2021,18/02/2021,17/02/2021,"44,870212909"
PIKE,Population,15/02/2021,09/02/2021,18/02/2021,17/02/2021,18.302
PIKE,Confirmed Cases,15/02/2021,09/02/2021,18/02/2021,17/02/2021,1.480
PIKE,Confirmed Deaths,15/02/2021,09/02/2021,18/02/2021,17/02/2021,21
PIKE,PCR Tests,15/02/2021,09/02/2021,18/02/2021,17/02/2021,11.272
PIKE,7-Day Confirmed Cases,15/02/2021,09/02/2021,18/02/2021,17/02/2021,5
PIKE,7-Day Confirmed Deaths,15/02/2021,09/02/2021,18/02/2021,17/02/2021,0
PIKE,7-Day PCR Tests,15/02/2021,09/02/2021,18/02/2021,17/02/2021,137
PIKE,7-Day PCR Positivity Rate,15/02/2021,09/02/2021,18/02/2021,17/02/2021,"5,109489051"
PIKE,7-Day-Cases per 100k,15/02/2021,09/02/2021,18/02/2021,17/02/2021,"27,319418643"
PLATTE,Population,15/02/2021,09/02/2021,18/02/2021,17/02/2021,57.453
PLATTE,Confirmed Cases,15/02/2021,09/02/2021,18/02/2021,17/02/2021,3.055
PLATTE,Confirmed Deaths,15/02/2021,09/02/2021,18/02/2021,17/02/2021,42
PLATTE,PCR Tests,15/02/2021,09/02/2021,18/02/2021,17/02/2021,25.376
PLATTE,7-Day Confirmed Cases,15/02/2021,09/02/2021,18/02/2021,17/02/2021,27
PLATTE,7-Day Confirmed Deaths,15/02/2021,09/02/2021,18/02/2021,17/02/2021,0
PLATTE,7-Day PCR Tests,15/02/2021,09/02/2021,18/02/2021,17/02/2021,380
PLATTE,7-Day PCR Positivity Rate,15/02/2021,09/02/2021,18/02/2021,17/02/2021,"7,105263158"
PLATTE,7-Day-Cases per 100k,15/02/2021,09/02/2021,18/02/2021,17/02/2021,"46,994934990"
POLK,Population,15/02/2021,09/02/2021,18/02/2021,17/02/2021,32.149
POLK,Confirmed Cases,15/02/2021,09/02/2021,18/02/2021,17/02/2021,2.135
POLK,Confirmed Deaths,15/02/2021,09/02/2021,18/02/2021,17/02/2021,29
POLK,PCR Tests,15/02/2021,09/02/2021,18/02/2021,17/02/2021,22.253
POLK,7-Day Confirmed Cases,15/02/2021,09/02/2021,18/02/2021,17/02/2021,9
POLK,7-Day Confirmed Deaths,15/02/2021,09/02/2021,18/02/2021,17/02/2021,0
POLK,7-Day PCR Tests,15/02/2021,09/02/2021,18/02/2021,17/02/2021,262
POLK,7-Day PCR Positivity Rate,15/02/2021,09/02/2021,18/02/2021,17/02/2021,"3,816793893"
POLK,7-Day-Cases per 100k,15/02/2021,09/02/2021,18/02/2021,17/02/2021,"27,994649911"
PULASKI,Population,15/02/2021,09/02/2021,18/02/2021,17/02/2021,52.607
PULASKI,Confirmed Cases,15/02/2021,09/02/2021,18/02/2021,17/02/2021,2.964
PULASKI,Confirmed Deaths,15/02/2021,09/02/2021,18/02/2021,17/02/2021,43
PULASKI,PCR Tests,15/02/2021,09/02/2021,18/02/2021,17/02/2021,18.715
PULASKI,7-Day Confirmed Cases,15/02/2021,09/02/2021,18/02/2021,17/02/2021,15
PULASKI,7-Day Confirmed Deaths,15/02/2021,09/02/2021,18/02/2021,17/02/2021,0
PULASKI,7-Day PCR Tests,15/02/2021,09/02/2021,18/02/2021,17/02/2021,248
PULASKI,7-Day PCR Positivity Rate,15/02/2021,09/02/2021,18/02/2021,17/02/2021,"6,854838710"
PULASKI,7-Day-Cases per 100k,15/02/2021,09/02/2021,18/02/2021,17/02/2021,"28,513315718"
PUTNAM,Population,15/02/2021,09/02/2021,18/02/2021,17/02/2021,4.696
PUTNAM,Confirmed Cases,15/02/2021,09/02/2021,18/02/2021,17/02/2021,223
PUTNAM,Confirmed Deaths,15/02/2021,09/02/2021,18/02/2021,17/02/2021,2
PUTNAM,PCR Tests,15/02/2021,09/02/2021,18/02/2021,17/02/2021,1.635
PUTNAM,7-Day Confirmed Cases,15/02/2021,09/02/2021,18/02/2021,17/02/2021,1
PUTNAM,7-Day Confirmed Deaths,15/02/2021,09/02/2021,18/02/2021,17/02/2021,0
PUTNAM,7-Day PCR Tests,15/02/2021,09/02/2021,18/02/2021,17/02/2021,15
PUTNAM,7-Day PCR Positivity Rate,15/02/2021,09/02/2021,18/02/2021,17/02/2021,"6,666666667"
PUTNAM,7-Day-Cases per 100k,15/02/2021,09/02/2021,18/02/2021,17/02/2021,"21,294718910"
RALLS,Population,15/02/2021,09/02/2021,18/02/2021,17/02/2021,10.309
RALLS,Confirmed Cases,15/02/2021,09/02/2021,18/02/2021,17/02/2021,754
RALLS,Confirmed Deaths,15/02/2021,09/02/2021,18/02/2021,17/02/2021,12
RALLS,PCR Tests,15/02/2021,09/02/2021,18/02/2021,17/02/2021,5.039
RALLS,7-Day Confirmed Cases,15/02/2021,09/02/2021,18/02/2021,17/02/2021,5
RALLS,7-Day Confirmed Deaths,15/02/2021,09/02/2021,18/02/2021,17/02/2021,0
RALLS,7-Day PCR Tests,15/02/2021,09/02/2021,18/02/2021,17/02/2021,54
RALLS,7-Day PCR Positivity Rate,15/02/2021,09/02/2021,18/02/2021,17/02/2021,"9,259259259"
RALLS,7-Day-Cases per 100k,15/02/2021,09/02/2021,18/02/2021,17/02/2021,"48,501309535"
RANDOLPH,Population,15/02/2021,09/02/2021,18/02/2021,17/02/2021,24.748
RANDOLPH,Confirmed Cases,15/02/2021,09/02/2021,18/02/2021,17/02/2021,1.805
RANDOLPH,Confirmed Deaths,15/02/2021,09/02/2021,18/02/2021,17/02/2021,28
RANDOLPH,PCR Tests,15/02/2021,09/02/2021,18/02/2021,17/02/2021,16.718
RANDOLPH,7-Day Confirmed Cases,15/02/2021,09/02/2021,18/02/2021,17/02/2021,5
RANDOLPH,7-Day Confirmed Deaths,15/02/2021,09/02/2021,18/02/2021,17/02/2021,0
RANDOLPH,7-Day PCR Tests,15/02/2021,09/02/2021,18/02/2021,17/02/2021,120
RANDOLPH,7-Day PCR Positivity Rate,15/02/2021,09/02/2021,18/02/2021,17/02/2021,"4,166666667"
RANDOLPH,7-Day-Cases per 100k,15/02/2021,09/02/2021,18/02/2021,17/02/2021,"20,203652820"
RAY,Population,15/02/2021,09/02/2021,18/02/2021,17/02/2021,23.018
RAY,Confirmed Cases,15/02/2021,09/02/2021,18/02/2021,17/02/2021,1.465
RAY,Confirmed Deaths,15/02/2021,09/02/2021,18/02/2021,17/02/2021,23
RAY,PCR Tests,15/02/2021,09/02/2021,18/02/2021,17/02/2021,13.206
RAY,7-Day Confirmed Cases,15/02/2021,09/02/2021,18/02/2021,17/02/2021,19
RAY,7-Day Confirmed Deaths,15/02/2021,09/02/2021,18/02/2021,17/02/2021,0
RAY,7-Day PCR Tests,15/02/2021,09/02/2021,18/02/2021,17/02/2021,311
RAY,7-Day PCR Positivity Rate,15/02/2021,09/02/2021,18/02/2021,17/02/2021,"6,752411576"
RAY,7-Day-Cases per 100k,15/02/2021,09/02/2021,18/02/2021,17/02/2021,"82,544095925"
REYNOLDS,Population,15/02/2021,09/02/2021,18/02/2021,17/02/2021,6.270
REYNOLDS,Confirmed Cases,15/02/2021,09/02/2021,18/02/2021,17/02/2021,260
REYNOLDS,Confirmed Deaths,15/02/2021,09/02/2021,18/02/2021,17/02/2021,3
REYNOLDS,PCR Tests,15/02/2021,09/02/2021,18/02/2021,17/02/2021,1.898
REYNOLDS,7-Day Confirmed Cases,15/02/2021,09/02/2021,18/02/2021,17/02/2021,2
REYNOLDS,7-Day Confirmed Deaths,15/02/2021,09/02/2021,18/02/2021,17/02/2021,0
REYNOLDS,7-Day PCR Tests,15/02/2021,09/02/2021,18/02/2021,17/02/2021,27
REYNOLDS,7-Day PCR Positivity Rate,15/02/2021,09/02/2021,18/02/2021,17/02/2021,"7,407407407"
REYNOLDS,7-Day-Cases per 100k,15/02/2021,09/02/2021,18/02/2021,17/02/2021,"31,897926635"
RIPLEY,Population,15/02/2021,09/02/2021,18/02/2021,17/02/2021,13.288
RIPLEY,Confirmed Cases,15/02/2021,09/02/2021,18/02/2021,17/02/2021,846
RIPLEY,Confirmed Deaths,15/02/2021,09/02/2021,18/02/2021,17/02/2021,14
RIPLEY,PCR Tests,15/02/2021,09/02/2021,18/02/2021,17/02/2021,5.476
RIPLEY,7-Day Confirmed Cases,15/02/2021,09/02/2021,18/02/2021,17/02/2021,6
RIPLEY,7-Day Confirmed Deaths,15/02/2021,09/02/2021,18/02/2021,17/02/2021,0
RIPLEY,7-Day PCR Tests,15/02/2021,09/02/2021,18/02/2021,17/02/2021,83
RIPLEY,7-Day PCR Positivity Rate,15/02/2021,09/02/2021,18/02/2021,17/02/2021,"7,228915663"
RIPLEY,7-Day-Cases per 100k,15/02/2021,09/02/2021,18/02/2021,17/02/2021,"45,153521975"
SALINE,Population,15/02/2021,09/02/2021,18/02/2021,17/02/2021,22.761
SALINE,Confirmed Cases,15/02/2021,09/02/2021,18/02/2021,17/02/2021,2.409
SALINE,Confirmed Deaths,15/02/2021,09/02/2021,18/02/2021,17/02/2021,35
SALINE,PCR Tests,15/02/2021,09/02/2021,18/02/2021,17/02/2021,25.789
SALINE,7-Day Confirmed Cases,15/02/2021,09/02/2021,18/02/2021,17/02/2021,12
SALINE,7-Day Confirmed Deaths,15/02/2021,09/02/2021,18/02/2021,17/02/2021,0
SALINE,7-Day PCR Tests,15/02/2021,09/02/2021,18/02/2021,17/02/2021,263
SALINE,7-Day PCR Positivity Rate,15/02/2021,09/02/2021,18/02/2021,17/02/2021,"5,323193916"
SALINE,7-Day-Cases per 100k,15/02/2021,09/02/2021,18/02/2021,17/02/2021,"52,721760907"
SCHUYLER,Population,15/02/2021,09/02/2021,18/02/2021,17/02/2021,4.660
SCHUYLER,Confirmed Cases,15/02/2021,09/02/2021,18/02/2021,17/02/2021,263
SCHUYLER,Confirmed Deaths,15/02/2021,09/02/2021,18/02/2021,17/02/2021,3
SCHUYLER,PCR Tests,15/02/2021,09/02/2021,18/02/2021,17/02/2021,1.674
SCHUYLER,7-Day Confirmed Cases,15/02/2021,09/02/2021,18/02/2021,17/02/2021,0
SCHUYLER,7-Day Confirmed Deaths,15/02/2021,09/02/2021,18/02/2021,17/02/2021,0
SCHUYLER,7-Day PCR Tests,15/02/2021,09/02/2021,18/02/2021,17/02/2021,9
SCHUYLER,7-Day PCR Positivity Rate,15/02/2021,09/02/2021,18/02/2021,17/02/2021,
SCHUYLER,7-Day-Cases per 100k,15/02/2021,09/02/2021,18/02/2021,17/02/2021,0
SCOTLAND,Population,15/02/2021,09/02/2021,18/02/2021,17/02/2021,4.902
SCOTLAND,Confirmed Cases,15/02/2021,09/02/2021,18/02/2021,17/02/2021,256
SCOTLAND,Confirmed Deaths,15/02/2021,09/02/2021,18/02/2021,17/02/2021,3
SCOTLAND,PCR Tests,15/02/2021,09/02/2021,18/02/2021,17/02/2021,1.894
SCOTLAND,7-Day Confirmed Cases,15/02/2021,09/02/2021,18/02/2021,17/02/2021,9
SCOTLAND,7-Day Confirmed Deaths,15/02/2021,09/02/2021,18/02/2021,17/02/2021,0
SCOTLAND,7-Day PCR Tests,15/02/2021,09/02/2021,18/02/2021,17/02/2021,20
SCOTLAND,7-Day PCR Positivity Rate,15/02/2021,09/02/2021,18/02/2021,17/02/2021,45
SCOTLAND,7-Day-Cases per 100k,15/02/2021,09/02/2021,18/02/2021,17/02/2021,"183,598531212"
SCOTT,Population,15/02/2021,09/02/2021,18/02/2021,17/02/2021,38.280
SCOTT,Confirmed Cases,15/02/2021,09/02/2021,18/02/2021,17/02/2021,3.783
SCOTT,Confirmed Deaths,15/02/2021,09/02/2021,18/02/2021,17/02/2021,74
SCOTT,PCR Tests,15/02/2021,09/02/2021,18/02/2021,17/02/2021,21.532
SCOTT,7-Day Confirmed Cases,15/02/2021,09/02/2021,18/02/2021,17/02/2021,29
SCOTT,7-Day Confirmed Deaths,15/02/2021,09/02/2021,18/02/2021,17/02/2021,0
SCOTT,7-Day PCR Tests,15/02/2021,09/02/2021,18/02/2021,17/02/2021,106
SCOTT,7-Day PCR Positivity Rate,15/02/2021,09/02/2021,18/02/2021,17/02/2021,"28,301886792"
SCOTT,7-Day-Cases per 100k,15/02/2021,09/02/2021,18/02/2021,17/02/2021,"75,757575758"
SHANNON,Population,15/02/2021,09/02/2021,18/02/2021,17/02/2021,8.166
SHANNON,Confirmed Cases,15/02/2021,09/02/2021,18/02/2021,17/02/2021,476
SHANNON,Confirmed Deaths,15/02/2021,09/02/2021,18/02/2021,17/02/2021,10
SHANNON,PCR Tests,15/02/2021,09/02/2021,18/02/2021,17/02/2021,2.642
SHANNON,7-Day Confirmed Cases,15/02/2021,09/02/2021,18/02/2021,17/02/2021,2
SHANNON,7-Day Confirmed Deaths,15/02/2021,09/02/2021,18/02/2021,17/02/2021,0
SHANNON,7-Day PCR Tests,15/02/2021,09/02/2021,18/02/2021,17/02/2021,19
SHANNON,7-Day PCR Positivity Rate,15/02/2021,09/02/2021,18/02/2021,17/02/2021,"10,526315789"
SHANNON,7-Day-Cases per 100k,15/02/2021,09/02/2021,18/02/2021,17/02/2021,"24,491795249"
SHELBY,Population,15/02/2021,09/02/2021,18/02/2021,17/02/2021,5.930
SHELBY,Confirmed Cases,15/02/2021,09/02/2021,18/02/2021,17/02/2021,349
SHELBY,Confirmed Deaths,15/02/2021,09/02/2021,18/02/2021,17/02/2021,6
SHELBY,PCR Tests,15/02/2021,09/02/2021,18/02/2021,17/02/2021,2.432
SHELBY,7-Day Confirmed Cases,15/02/2021,09/02/2021,18/02/2021,17/02/2021,0
SHELBY,7-Day Confirmed Deaths,15/02/2021,09/02/2021,18/02/2021,17/02/2021,0
SHELBY,7-Day PCR Tests,15/02/2021,09/02/2021,18/02/2021,17/02/2021,19
SHELBY,7-Day PCR Positivity Rate,15/02/2021,09/02/2021,18/02/2021,17/02/2021,
SHELBY,7-Day-Cases per 100k,15/02/2021,09/02/2021,18/02/2021,17/02/2021,0
ST CHARLES,Population,15/02/2021,09/02/2021,18/02/2021,17/02/2021,402.022
ST CHARLES,Confirmed Cases,15/02/2021,09/02/2021,18/02/2021,17/02/2021,32.621
ST CHARLES,Confirmed Deaths,15/02/2021,09/02/2021,18/02/2021,17/02/2021,405
ST CHARLES,PCR Tests,15/02/2021,09/02/2021,18/02/2021,17/02/2021,252.375
ST CHARLES,7-Day Confirmed Cases,15/02/2021,09/02/2021,18/02/2021,17/02/2021,374
ST CHARLES,7-Day Confirmed Deaths,15/02/2021,09/02/2021,18/02/2021,17/02/2021,0
ST CHARLES,7-Day PCR Tests,15/02/2021,09/02/2021,18/02/2021,17/02/2021,3.714
ST CHARLES,7-Day PCR Positivity Rate,15/02/2021,09/02/2021,18/02/2021,17/02/2021,"10,393107162"
ST CHARLES,7-Day-Cases per 100k,15/02/2021,09/02/2021,18/02/2021,17/02/2021,"93,029734691"
ST CLAIR,Population,15/02/2021,09/02/2021,18/02/2021,17/02/2021,9.397
ST CLAIR,Confirmed Cases,15/02/2021,09/02/2021,18/02/2021,17/02/2021,574
ST CLAIR,Confirmed Deaths,15/02/2021,09/02/2021,18/02/2021,17/02/2021,7
ST CLAIR,PCR Tests,15/02/2021,09/02/2021,18/02/2021,17/02/2021,4.921
ST CLAIR,7-Day Confirmed Cases,15/02/2021,09/02/2021,18/02/2021,17/02/2021,3
ST CLAIR,7-Day Confirmed Deaths,15/02/2021,09/02/2021,18/02/2021,17/02/2021,0
ST CLAIR,7-Day PCR Tests,15/02/2021,09/02/2021,18/02/2021,17/02/2021,73
ST CLAIR,7-Day PCR Positivity Rate,15/02/2021,09/02/2021,18/02/2021,17/02/2021,"5,479452055"
ST CLAIR,7-Day-Cases per 100k,15/02/2021,09/02/2021,18/02/2021,17/02/2021,"31,925082473"
ST FRANCOIS,Population,15/02/2021,09/02/2021,18/02/2021,17/02/2021,67.215
ST FRANCOIS,Confirmed Cases,15/02/2021,09/02/2021,18/02/2021,17/02/2021,7.539
ST FRANCOIS,Confirmed Deaths,15/02/2021,09/02/2021,18/02/2021,17/02/2021,102
ST FRANCOIS,PCR Tests,15/02/2021,09/02/2021,18/02/2021,17/02/2021,61.833
ST FRANCOIS,7-Day Confirmed Cases,15/02/2021,09/02/2021,18/02/2021,17/02/2021,33
ST FRANCOIS,7-Day Confirmed Deaths,15/02/2021,09/02/2021,18/02/2021,17/02/2021,0
ST FRANCOIS,7-Day PCR Tests,15/02/2021,09/02/2021,18/02/2021,17/02/2021,769
ST FRANCOIS,7-Day PCR Positivity Rate,15/02/2021,09/02/2021,18/02/2021,17/02/2021,"4,291287386"
ST FRANCOIS,7-Day-Cases per 100k,15/02/2021,09/02/2021,18/02/2021,17/02/2021,"49,096183888"
ST LOUIS,Population,15/02/2021,09/02/2021,18/02/2021,17/02/2021,994.205
ST LOUIS,Confirmed Cases,15/02/2021,09/02/2021,18/02/2021,17/02/2021,73.287
ST LOUIS,Confirmed Deaths,15/02/2021,09/02/2021,18/02/2021,17/02/2021,1.634
ST LOUIS,PCR Tests,15/02/2021,09/02/2021,18/02/2021,17/02/2021,792.123
ST LOUIS,7-Day Confirmed Cases,15/02/2021,09/02/2021,18/02/2021,17/02/2021,766
ST LOUIS,7-Day Confirmed Deaths,15/02/2021,09/02/2021,18/02/2021,17/02/2021,4
ST LOUIS,7-Day PCR Tests,15/02/2021,09/02/2021,18/02/2021,17/02/2021,12.308
ST LOUIS,7-Day PCR Positivity Rate,15/02/2021,09/02/2021,18/02/2021,17/02/2021,"6,849203770"
ST LOUIS,7-Day-Cases per 100k,15/02/2021,09/02/2021,18/02/2021,17/02/2021,"77,046484377"
ST LOUIS CITY,Population,15/02/2021,09/02/2021,18/02/2021,17/02/2021,300.576
ST LOUIS CITY,Confirmed Cases,15/02/2021,09/02/2021,18/02/2021,17/02/2021,18.990
ST LOUIS CITY,Confirmed Deaths,15/02/2021,09/02/2021,18/02/2021,17/02/2021,351
ST LOUIS CITY,PCR Tests,15/02/2021,09/02/2021,18/02/2021,17/02/2021,229.703
ST LOUIS CITY,7-Day Confirmed Cases,15/02/2021,09/02/2021,18/02/2021,17/02/2021,197
ST LOUIS CITY,7-Day Confirmed Deaths,15/02/2021,09/02/2021,18/02/2021,17/02/2021,0
ST LOUIS CITY,7-Day PCR Tests,15/02/2021,09/02/2021,18/02/2021,17/02/2021,3.676
ST LOUIS CITY,7-Day PCR Positivity Rate,15/02/2021,09/02/2021,18/02/2021,17/02/2021,"5,848748640"
ST LOUIS CITY,7-Day-Cases per 100k,15/02/2021,09/02/2021,18/02/2021,17/02/2021,"65,540828276"
STE GENEVIEVE,Population,15/02/2021,09/02/2021,18/02/2021,17/02/2021,17.894
STE GENEVIEVE,Confirmed Cases,15/02/2021,09/02/2021,18/02/2021,17/02/2021,1.607
STE GENEVIEVE,Confirmed Deaths,15/02/2021,09/02/2021,18/02/2021,17/02/2021,13
STE GENEVIEVE,PCR Tests,15/02/2021,09/02/2021,18/02/2021,17/02/2021,13.435
STE GENEVIEVE,7-Day Confirmed Cases,15/02/2021,09/02/2021,18/02/2021,17/02/2021,11
STE GENEVIEVE,7-Day Confirmed Deaths,15/02/2021,09/02/2021,18/02/2021,17/02/2021,0
STE GENEVIEVE,7-Day PCR Tests,15/02/2021,09/02/2021,18/02/2021,17/02/2021,116
STE GENEVIEVE,7-Day PCR Positivity Rate,15/02/2021,09/02/2021,18/02/2021,17/02/2021,"10,344827586"
STE GENEVIEVE,7-Day-Cases per 100k,15/02/2021,09/02/2021,18/02/2021,17/02/2021,"61,473119481"
STODDARD,Population,15/02/2021,09/02/2021,18/02/2021,17/02/2021,29.025
STODDARD,Confirmed Cases,15/02/2021,09/02/2021,18/02/2021,17/02/2021,2.292
STODDARD,Confirmed Deaths,15/02/2021,09/02/2021,18/02/2021,17/02/2021,36
STODDARD,PCR Tests,15/02/2021,09/02/2021,18/02/2021,17/02/2021,13.995
STODDARD,7-Day Confirmed Cases,15/02/2021,09/02/2021,18/02/2021,17/02/2021,10
STODDARD,7-Day Confirmed Deaths,15/02/2021,09/02/2021,18/02/2021,17/02/2021,0
STODDARD,7-Day PCR Tests,15/02/2021,09/02/2021,18/02/2021,17/02/2021,113
STODDARD,7-Day PCR Positivity Rate,15/02/2021,09/02/2021,18/02/2021,17/02/2021,"10,619469027"
STODDARD,7-Day-Cases per 100k,15/02/2021,09/02/2021,18/02/2021,17/02/2021,"34,453057709"
STONE,Population,15/02/2021,09/02/2021,18/02/2021,17/02/2021,31.952
STONE,Confirmed Cases,15/02/2021,09/02/2021,18/02/2021,17/02/2021,2.004
STONE,Confirmed Deaths,15/02/2021,09/02/2021,18/02/2021,17/02/2021,35
STONE,PCR Tests,15/02/2021,09/02/2021,18/02/2021,17/02/2021,14.661
STONE,7-Day Confirmed Cases,15/02/2021,09/02/2021,18/02/2021,17/02/2021,12
STONE,7-Day Confirmed Deaths,15/02/2021,09/02/2021,18/02/2021,17/02/2021,0
STONE,7-Day PCR Tests,15/02/2021,09/02/2021,18/02/2021,17/02/2021,188
STONE,7-Day PCR Positivity Rate,15/02/2021,09/02/2021,18/02/2021,17/02/2021,"6,914893617"
STONE,7-Day-Cases per 100k,15/02/2021,09/02/2021,18/02/2021,17/02/2021,"37,556334502"
SULLIVAN,Population,15/02/2021,09/02/2021,18/02/2021,17/02/2021,6.089
SULLIVAN,Confirmed Cases,15/02/2021,09/02/2021,18/02/2021,17/02/2021,745
SULLIVAN,Confirmed Deaths,15/02/2021,09/02/2021,18/02/2021,17/02/2021,13
SULLIVAN,PCR Tests,15/02/2021,09/02/2021,18/02/2021,17/02/2021,6.063
SULLIVAN,7-Day Confirmed Cases,15/02/2021,09/02/2021,18/02/2021,17/02/2021,2
SULLIVAN,7-Day Confirmed Deaths,15/02/2021,09/02/2021,18/02/2021,17/02/2021,0
SULLIVAN,7-Day PCR Tests,15/02/2021,09/02/2021,18/02/2021,17/02/2021,33
SULLIVAN,7-Day PCR Positivity Rate,15/02/2021,09/02/2021,18/02/2021,17/02/2021,"9,090909091"
SULLIVAN,7-Day-Cases per 100k,15/02/2021,09/02/2021,18/02/2021,17/02/2021,"32,846115947"
TANEY,Population,15/02/2021,09/02/2021,18/02/2021,17/02/2021,55.928
TANEY,Confirmed Cases,15/02/2021,09/02/2021,18/02/2021,17/02/2021,4.538
TANEY,Confirmed Deaths,15/02/2021,09/02/2021,18/02/2021,17/02/2021,82
TANEY,PCR Tests,15/02/2021,09/02/2021,18/02/2021,17/02/2021,32.294
TANEY,7-Day Confirmed Cases,15/02/2021,09/02/2021,18/02/2021,17/02/2021,33
TANEY,7-Day Confirmed Deaths,15/02/2021,09/02/2021,18/02/2021,17/02/2021,0
TANEY,7-Day PCR Tests,15/02/2021,09/02/2021,18/02/2021,17/02/2021,481
TANEY,7-Day PCR Positivity Rate,15/02/2021,09/02/2021,18/02/2021,17/02/2021,"8,108108108"
TANEY,7-Day-Cases per 100k,15/02/2021,09/02/2021,18/02/2021,17/02/2021,"59,004434273"
TEXAS,Population,15/02/2021,09/02/2021,18/02/2021,17/02/2021,25.398
TEXAS,Confirmed Cases,15/02/2021,09/02/2021,18/02/2021,17/02/2021,1.535
TEXAS,Confirmed Deaths,15/02/2021,09/02/2021,18/02/2021,17/02/2021,22
TEXAS,PCR Tests,15/02/2021,09/02/2021,18/02/2021,17/02/2021,11.277
TEXAS,7-Day Confirmed Cases,15/02/2021,09/02/2021,18/02/2021,17/02/2021,7
TEXAS,7-Day Confirmed Deaths,15/02/2021,09/02/2021,18/02/2021,17/02/2021,0
TEXAS,7-Day PCR Tests,15/02/2021,09/02/2021,18/02/2021,17/02/2021,117
TEXAS,7-Day PCR Positivity Rate,15/02/2021,09/02/2021,18/02/2021,17/02/2021,"8,547008547"
TEXAS,7-Day-Cases per 100k,15/02/2021,09/02/2021,18/02/2021,17/02/2021,"27,561225293"
VERNON,Population,15/02/2021,09/02/2021,18/02/2021,17/02/2021,20.563
VERNON,Confirmed Cases,15/02/2021,09/02/2021,18/02/2021,17/02/2021,1.376
VERNON,Confirmed Deaths,15/02/2021,09/02/2021,18/02/2021,17/02/2021,36
VERNON,PCR Tests,15/02/2021,09/02/2021,18/02/2021,17/02/2021,10.566
VERNON,7-Day Confirmed Cases,15/02/2021,09/02/2021,18/02/2021,17/02/2021,12
VERNON,7-Day Confirmed Deaths,15/02/2021,09/02/2021,18/02/2021,17/02/2021,0
VERNON,7-Day PCR Tests,15/02/2021,09/02/2021,18/02/2021,17/02/2021,127
VERNON,7-Day PCR Positivity Rate,15/02/2021,09/02/2021,18/02/2021,17/02/2021,"10,236220472"
VERNON,7-Day-Cases per 100k,15/02/2021,09/02/2021,18/02/2021,17/02/2021,"58,357243593"
WARREN,Population,15/02/2021,09/02/2021,18/02/2021,17/02/2021,35.649
WARREN,Confirmed Cases,15/02/2021,09/02/2021,18/02/2021,17/02/2021,2.074
WARREN,Confirmed Deaths,15/02/2021,09/02/2021,18/02/2021,17/02/2021,17
WARREN,PCR Tests,15/02/2021,09/02/2021,18/02/2021,17/02/2021,17.142
WARREN,7-Day Confirmed Cases,15/02/2021,09/02/2021,18/02/2021,17/02/2021,24
WARREN,7-Day Confirmed Deaths,15/02/2021,09/02/2021,18/02/2021,17/02/2021,0
WARREN,7-Day PCR Tests,15/02/2021,09/02/2021,18/02/2021,17/02/2021,263
WARREN,7-Day PCR Positivity Rate,15/02/2021,09/02/2021,18/02/2021,17/02/2021,"9,505703422"
WARREN,7-Day-Cases per 100k,15/02/2021,09/02/2021,18/02/2021,17/02/2021,"67,323066566"
WASHINGTON,Population,15/02/2021,09/02/2021,18/02/2021,17/02/2021,24.730
WASHINGTON,Confirmed Cases,15/02/2021,09/02/2021,18/02/2021,17/02/2021,2.112
WASHINGTON,Confirmed Deaths,15/02/2021,09/02/2021,18/02/2021,17/02/2021,45
WASHINGTON,PCR Tests,15/02/2021,09/02/2021,18/02/2021,17/02/2021,14.892
WASHINGTON,7-Day Confirmed Cases,15/02/2021,09/02/2021,18/02/2021,17/02/2021,8
WASHINGTON,7-Day Confirmed Deaths,15/02/2021,09/02/2021,18/02/2021,17/02/2021,0
WASHINGTON,7-Day PCR Tests,15/02/2021,09/02/2021,18/02/2021,17/02/2021,224
WASHINGTON,7-Day PCR Positivity Rate,15/02/2021,09/02/2021,18/02/2021,17/02/2021,"3,571428571"
WASHINGTON,7-Day-Cases per 100k,15/02/2021,09/02/2021,18/02/2021,17/02/2021,"32,349373231"
WAYNE,Population,15/02/2021,09/02/2021,18/02/2021,17/02/2021,12.873
WAYNE,Confirmed Cases,15/02/2021,09/02/2021,18/02/2021,17/02/2021,814
WAYNE,Confirmed Deaths,15/02/2021,09/02/2021,18/02/2021,17/02/2021,10
WAYNE,PCR Tests,15/02/2021,09/02/2021,18/02/2021,17/02/2021,5.285
WAYNE,7-Day Confirmed Cases,15/02/2021,09/02/2021,18/02/2021,17/02/2021,4
WAYNE,7-Day Confirmed Deaths,15/02/2021,09/02/2021,18/02/2021,17/02/2021,0
WAYNE,7-Day PCR Tests,15/02/2021,09/02/2021,18/02/2021,17/02/2021,46
WAYNE,7-Day PCR Positivity Rate,15/02/2021,09/02/2021,18/02/2021,17/02/2021,"13,043478261"
WAYNE,7-Day-Cases per 100k,15/02/2021,09/02/2021,18/02/2021,17/02/2021,"31,072788006"
WEBSTER,Population,15/02/2021,09/02/2021,18/02/2021,17/02/2021,39.592
WEBSTER,Confirmed Cases,15/02/2021,09/02/2021,18/02/2021,17/02/2021,2.987
WEBSTER,Confirmed Deaths,15/02/2021,09/02/2021,18/02/2021,17/02/2021,49
WEBSTER,PCR Tests,15/02/2021,09/02/2021,18/02/2021,17/02/2021,21.668
WEBSTER,7-Day Confirmed Cases,15/02/2021,09/02/2021,18/02/2021,17/02/2021,15
WEBSTER,7-Day Confirmed Deaths,15/02/2021,09/02/2021,18/02/2021,17/02/2021,0
WEBSTER,7-Day PCR Tests,15/02/2021,09/02/2021,18/02/2021,17/02/2021,291
WEBSTER,7-Day PCR Positivity Rate,15/02/2021,09/02/2021,18/02/2021,17/02/2021,"5,841924399"
WEBSTER,7-Day-Cases per 100k,15/02/2021,09/02/2021,18/02/2021,17/02/2021,"37,886441705"
WORTH,Population,15/02/2021,09/02/2021,18/02/2021,17/02/2021,2.013
WORTH,Confirmed Cases,15/02/2021,09/02/2021,18/02/2021,17/02/2021,140
WORTH,Confirmed Deaths,15/02/2021,09/02/2021,18/02/2021,17/02/2021,1
WORTH,PCR Tests,15/02/2021,09/02/2021,18/02/2021,17/02/2021,1.260
WORTH,7-Day Confirmed Cases,15/02/2021,09/02/2021,18/02/2021,17/02/2021,1
WORTH,7-Day Confirmed Deaths,15/02/2021,09/02/2021,18/02/2021,17/02/2021,0
WORTH,7-Day PCR Tests,15/02/2021,09/02/2021,18/02/2021,17/02/2021,16
WORTH,7-Day PCR Positivity Rate,15/02/2021,09/02/2021,18/02/2021,17/02/2021,"6,25"
WORTH,7-Day-Cases per 100k,15/02/2021,09/02/2021,18/02/2021,17/02/2021,"49,677098857"
WRIGHT,Population,15/02/2021,09/02/2021,18/02/2021,17/02/2021,18.289
WRIGHT,Confirmed Cases,15/02/2021,09/02/2021,18/02/2021,17/02/2021,1.363
WRIGHT,Confirmed Deaths,15/02/2021,09/02/2021,18/02/2021,17/02/2021,27
WRIGHT,PCR Tests,15/02/2021,09/02/2021,18/02/2021,17/02/2021,9.871
WRIGHT,7-Day Confirmed Cases,15/02/2021,09/02/2021,18/02/2021,17/02/2021,5
WRIGHT,7-Day Confirmed Deaths,15/02/2021,09/02/2021,18/02/2021,17/02/2021,0
WRIGHT,7-Day PCR Tests,15/02/2021,09/02/2021,18/02/2021,17/02/2021,191
WRIGHT,7-Day PCR Positivity Rate,15/02/2021,09/02/2021,18/02/2021,17/02/2021,"2,617801047"
WRIGHT,7-Day-Cases per 100k,15/02/2021,09/02/2021,18/02/2021,17/02/2021,"27,338837553"
Tudo,Population,15/02/2021,09/02/2021,18/02/2021,17/02/2021,6.137.428
Tudo,Confirmed Cases,15/02/2021,09/02/2021,18/02/2021,17/02/2021,473.459
Tudo,Confirmed Deaths,15/02/2021,09/02/2021,18/02/2021,17/02/2021,7.695
Tudo,PCR Tests,15/02/2021,09/02/2021,18/02/2021,17/02/2021,4.359.840
Tudo,7-Day Confirmed Cases,15/02/2021,09/02/2021,18/02/2021,17/02/2021,3.734
Tudo,7-Day Confirmed Deaths,15/02/2021,09/02/2021,18/02/2021,17/02/2021,22
Tudo,7-Day PCR Tests,15/02/2021,09/02/2021,18/02/2021,17/02/2021,59.265
Tudo,7-Day PCR Positivity Rate,15/02/2021,09/02/2021,18/02/2021,17/02/2021,"6,992322619"
Tudo,7-Day-Cases per 100k,15/02/2021,09/02/2021,18/02/2021,17/02/2021,"60,839817591"
